model_id,model,license_type,context_window_tokens,slug,creator_id,creator,creator_slug,price_1m_input_usd,price_1m_output_usd,price_1m_blended_3_to_1_usd,usd_per_1k_input,usd_per_1k_output,median_output_tokens_per_second,median_time_to_first_token_s,median_time_to_first_answer_token_s,context_window_tokens,eval__aime,eval__aime_25,eval__artificial_analysis_coding_index,eval__artificial_analysis_intelligence_index,eval__artificial_analysis_math_index,eval__gpqa,eval__hle,eval__ifbench,eval__lcr,eval__livecodebench,eval__math_500,eval__mmlu_pro,eval__scicode,eval__tau2,eval__terminalbench_hard
b5c1c91a-7474-4409-9a9c-9c2ac45d9eb6,GPT-4o mini,Proprietary,128000,gpt-4o-mini,e67e56e3-15cd-43db-b679-da4660a69f41,OpenAI,openai,0.15,0.6,0.263,0.00015,0.0006,75.777,0.451,0.451,,0.117,0.147,23.1,21.2,45.3,0.426,0.04,0.31,,0.234,0.789,0.648,0.229,,
4c111fbc-d13a-42b4-858c-1dc17fe3c1d1,Grok-1,Open,8000,grok-1,a1e3ddcf-d3e4-44a5-9e8f-029a69850875,xAI,xai,0,0,0,0,0,0,0,0,,,,,18.2,,,,,,,,,,,
b4784397-aa28-411b-b011-9c4331bfa9c8,GPT-4o (ChatGPT),Proprietary,128000,gpt-4o-chatgpt,e67e56e3-15cd-43db-b679-da4660a69f41,OpenAI,openai,5,15,7.5,0.005,0.015,0,0,0,,0.103,,,25.3,45,0.511,0.037,,0.53,,0.797,0.773,0.334,,
3b608b70-6434-4baa-99ad-45d499703c67,GPT-4.1,Proprietary,1000000,gpt-4-1,e67e56e3-15cd-43db-b679-da4660a69f41,OpenAI,openai,2,8,3.5,0.002,0.008,116.897,0.496,0.496,,0.437,0.347,41.9,43.4,67.5,0.666,0.046,0.43,0.61,0.457,0.913,0.806,0.381,0.471,0.128
f0083258-8646-45b8-8082-7aaf6c2ea82a,gpt-oss-120B,Open,131000,gpt-oss-120b,e67e56e3-15cd-43db-b679-da4660a69f41,OpenAI,openai,0.15,0.6,0.263,0.00015,0.0006,257.76,0.559,8.318,,,0.934,50.1,57.9,,0.782,0.185,0.69,0.507,0.639,,0.808,0.362,0.658,0.22
bc26bfdb-4923-4442-a6ca-e77392923581,GPT-5 mini (minimal),Proprietary,400000,gpt-5-mini-minimal,e67e56e3-15cd-43db-b679-da4660a69f41,OpenAI,openai,0.25,2,0.688,0.00025,0.002,71.887,0.914,0.914,,,0.467,45.7,41.6,,0.687,0.05,0.456,0.357,0.545,,0.775,0.369,0.319,0.135
72c358fd-7d45-4d68-89aa-699743710924,GPT-4.1 nano,Proprietary,1000000,gpt-4-1-nano,e67e56e3-15cd-43db-b679-da4660a69f41,OpenAI,openai,0.1,0.4,0.175,0.0001,0.0004,123.487,0.373,0.373,,0.237,0.24,29.3,27.3,54.2,0.512,0.039,0.32,0.17,0.326,0.848,0.657,0.259,0.173,0.035
05e45a36-b5c6-47a1-8adb-9ddc19add5b3,GPT-5 nano (minimal),Proprietary,400000,gpt-5-nano-minimal,e67e56e3-15cd-43db-b679-da4660a69f41,OpenAI,openai,0.05,0.4,0.138,5e-05,0.0004,208.71,0.868,0.868,,,0.273,38,28.8,,0.428,0.041,0.325,0.2,0.47,,0.556,0.291,,
36f73aaf-d38a-4b56-a2b3-d04d17186910,gpt-oss-20B,Open,131000,gpt-oss-20b,e67e56e3-15cd-43db-b679-da4660a69f41,OpenAI,openai,0.05,0.2,0.087,5e-05,0.0002,255.412,0.558,8.389,,,0.617,53.7,44.8,,0.617,0.085,0.605,0.187,0.721,,0.736,0.354,0.497,0.057
48e50f00-1fd1-4acc-b337-61078aa341e6,GPT-5 (high),Proprietary,400000,gpt-5,e67e56e3-15cd-43db-b679-da4660a69f41,OpenAI,openai,1.25,10,3.438,0.00125,0.01,68.322,71.858,71.858,,0.957,0.943,54.9,66.7,97.5,0.854,0.265,0.731,0.756,0.668,0.994,0.871,0.429,0.848,0.305
16c5b637-8bce-4252-81f2-1b87a36a4e4c,o3,Proprietary,200000,o3,e67e56e3-15cd-43db-b679-da4660a69f41,OpenAI,openai,2,8,3.5,0.002,0.008,180.022,10.759,10.759,,0.903,0.883,59.7,65.2,94.8,0.827,0.2,0.714,0.693,0.784,0.992,0.853,0.41,0.807,0.348
9f7c7566-a704-49a2-a383-cb3181da33a4,GPT-4.1 mini,Proprietary,1000000,gpt-4-1-mini,e67e56e3-15cd-43db-b679-da4660a69f41,OpenAI,openai,0.4,1.6,0.7,0.0004,0.0016,72.14,0.445,0.445,,0.43,0.463,44.3,42.5,67.8,0.664,0.046,0.383,0.423,0.483,0.925,0.781,0.404,0.529,0.071
c3738fb0-3408-4430-a699-760ae4b70c93,GPT-5 (minimal),Proprietary,400000,gpt-5-minimal,e67e56e3-15cd-43db-b679-da4660a69f41,OpenAI,openai,1.25,10,3.438,0.00125,0.01,115.481,1.003,1.003,,0.367,0.317,47.3,43.5,61.4,0.673,0.054,0.456,0.25,0.558,0.861,0.806,0.388,0.67,0.177
84b49308-6b93-47aa-a4f6-776ee1a1e8cd,o4-mini (high),Proprietary,200000,o4-mini,e67e56e3-15cd-43db-b679-da4660a69f41,OpenAI,openai,1.1,4.4,1.925,0.0011,0.0044,112.073,43.954,43.954,,0.94,0.907,63.5,59,96.4,0.784,0.175,0.687,0.55,0.804,0.989,0.832,0.465,0.556,0.142
e18e5e6a-5a31-4c0b-b80b-ac401392f446,GPT-5 nano (high),Proprietary,400000,gpt-5-nano,e67e56e3-15cd-43db-b679-da4660a69f41,OpenAI,openai,0.05,0.4,0.138,5e-05,0.0004,122.03,66.832,66.832,,,0.837,45.6,48.5,,0.676,0.082,0.676,0.417,0.546,,0.78,0.366,0.36,0.113
7f3c9423-3ee3-4369-a6d9-3f2a40aff00e,GPT-5 (low),Proprietary,400000,gpt-5-low,e67e56e3-15cd-43db-b679-da4660a69f41,OpenAI,openai,1.25,10,3.438,0.00125,0.01,183.182,14.38,14.38,,0.83,0.83,57,61.6,90.9,0.808,0.184,0.666,0.587,0.749,0.987,0.86,0.391,0.842,0.248
515852e7-ba9c-4571-8cf9-82ad6b45f22f,PALM-2,Proprietary,8000,palm-2,faddc6d9-2c14-445f-9b28-56726f59c793,Google,google,0,0,0,0,0,0,0,0,,,,,6.6,,,,,,,,,,,
5e965af0-ca5c-4f47-9ba9-06000508b84a,GPT-5 (medium),Proprietary,400000,gpt-5-medium,e67e56e3-15cd-43db-b679-da4660a69f41,OpenAI,openai,1.25,10,3.438,0.00125,0.01,177.772,32.737,32.737,,0.917,0.917,55.4,66.3,95.4,0.842,0.235,0.706,0.728,0.696,0.991,0.867,0.411,0.865,0.362
076f2674-bc4b-4925-be59-50832eb8c090,o3-mini (high),Proprietary,200000,o3-mini-high,e67e56e3-15cd-43db-b679-da4660a69f41,OpenAI,openai,1.1,4.4,1.925,0.0011,0.0044,156.027,38.062,38.062,,0.86,,56.6,50.8,92.2,0.773,0.123,,,0.734,0.985,0.802,0.398,0.313,
c3274a19-6d3c-4d01-ab9b-5055a0a40429,GPT-5 mini (medium),Proprietary,400000,gpt-5-mini-medium,e67e56e3-15cd-43db-b679-da4660a69f41,OpenAI,openai,0.25,2,0.688,0.00025,0.002,78.368,29.727,29.727,,,0.85,54.9,60.8,,0.803,0.146,0.712,0.66,0.688,,0.828,0.41,0.711,0.27
ca04852c-eaae-4881-a208-f9b2ca3b7cd6,o3-pro,Proprietary,200000,o3-pro,e67e56e3-15cd-43db-b679-da4660a69f41,OpenAI,openai,20,80,35,0.02,0.08,22.304,110.638,110.638,,,,,65.3,,0.845,,,,,,,,,
29855680-7469-43eb-8b88-cd3fb1d99da3,GPT-5 mini (high),Proprietary,400000,gpt-5-mini,e67e56e3-15cd-43db-b679-da4660a69f41,OpenAI,openai,0.25,2,0.688,0.00025,0.002,71.482,93.512,93.512,,,0.907,51.4,62.3,,0.828,0.197,0.754,0.68,0.636,,0.837,0.392,0.684,0.312
8eb02396-f231-4189-ae15-05f7facebd9b,GPT-5 nano (medium),Proprietary,400000,gpt-5-nano-medium,e67e56e3-15cd-43db-b679-da4660a69f41,OpenAI,openai,0.05,0.4,0.138,5e-05,0.0004,206.594,35.123,35.123,,,0.783,47.1,47.7,,0.67,0.076,0.659,0.4,0.603,,0.772,0.338,0.304,0.163
2dad8957-4c16-4e74-bf2d-8b21514e0ae9,o3-mini,Proprietary,200000,o3-mini,e67e56e3-15cd-43db-b679-da4660a69f41,OpenAI,openai,1.1,4.4,1.925,0.0011,0.0044,152.733,12.769,12.769,,0.77,,55.8,48.1,87.2,0.748,0.087,,,0.717,0.973,0.791,0.399,,
976cc8ad-7904-4056-83c5-960181f47d5f,Llama 3.3 Instruct 70B,Open,128000,llama-3-3-instruct-70b,e1694725-0192-4e54-b1b8-c97e816c6cbe,Meta,meta,0.54,0.675,0.6,0.00054,0.000675,89.173,0.448,0.448,,0.3,0.077,27.4,27.9,53.6,0.498,0.04,0.471,0.15,0.288,0.773,0.713,0.26,0.266,0.028
45c87531-2d57-48e0-8012-202cd636189e,Llama 3.1 Instruct 405B,Open,128000,llama-3-1-instruct-405b,e1694725-0192-4e54-b1b8-c97e816c6cbe,Meta,meta,3.75,3.75,3.75,0.00375,0.00375,32.212,0.764,0.764,,0.213,0.03,30.2,25.7,45.8,0.515,0.042,0.39,0,0.305,0.703,0.732,0.299,0.19,0.064
9ca71ac4-41c8-42c0-87dd-5704a9e5b94d,Llama 3.2 Instruct 90B (Vision),Open,128000,llama-3-2-instruct-90b-vision,e1694725-0192-4e54-b1b8-c97e816c6cbe,Meta,meta,0.72,0.72,0.72,0.00072,0.00072,33.17,0.362,0.362,,0.05,,22.7,18.9,34,0.432,0.049,,,0.214,0.629,0.671,0.24,,
5fb47ff6-a30e-4c2c-96f2-55e95a13390f,Llama 3.2 Instruct 11B (Vision),Open,128000,llama-3-2-instruct-11b-vision,e1694725-0192-4e54-b1b8-c97e816c6cbe,Meta,meta,0.16,0.16,0.16,0.00016,0.00016,72.33,0.397,0.397,,0.093,0.017,11.1,14.6,30.5,0.221,0.052,0.304,0.117,0.11,0.516,0.464,0.112,,
adf9a85e-abc3-4f28-937b-db6655cc5238,Llama 4 Scout,Open,10000000,llama-4-scout,e1694725-0192-4e54-b1b8-c97e816c6cbe,Meta,meta,0.15,0.59,0.263,0.00015,0.00059,116.527,0.357,0.357,,0.283,0.14,23.5,28.1,56.4,0.587,0.043,0.395,0.258,0.299,0.844,0.752,0.17,0.155,0.014
922c69c7-9037-43c6-8bcf-a1c555e7f3eb,Llama 4 Maverick,Open,1000000,llama-4-maverick,e1694725-0192-4e54-b1b8-c97e816c6cbe,Meta,meta,0.24,0.85,0.388,0.00024,0.00085,141.448,0.341,0.341,,0.39,0.193,36.4,35.8,63.9,0.671,0.048,0.43,0.46,0.397,0.889,0.809,0.331,0.178,0.064
2bfdd17a-e027-4068-a54e-b0e90a6df118,Gemma 3 27B Instruct,Open,128000,gemma-3-27b,faddc6d9-2c14-445f-9b28-56726f59c793,Google,google,0,0,0,0,0,42.928,0.643,0.643,,0.253,0.207,17.4,22,56.8,0.428,0.047,0.318,0,0.137,0.883,0.669,0.212,,
f4e8194a-d0e6-48eb-92be-4307de5aeeec,Gemini 2.5 Flash-Lite (Reasoning),Proprietary,1000000,gemini-2-5-flash-lite-reasoning,faddc6d9-2c14-445f-9b28-56726f59c793,Google,google,0.1,0.4,0.175,0.0001,0.0004,572.998,6.739,6.739,,0.703,0.533,39.3,40.1,83.6,0.625,0.064,0.499,0.513,0.593,0.969,0.759,0.193,0.184,0.043
1d81aa1c-64c8-442a-9c41-81b37e407b91,Gemini 2.5 Flash-Lite,Proprietary,1000000,gemini-2-5-flash-lite,faddc6d9-2c14-445f-9b28-56726f59c793,Google,google,0.1,0.4,0.175,0.0001,0.0004,378.087,0.233,0.233,,0.5,0.353,28.9,30.1,71.3,0.474,0.037,0.315,0.313,0.4,0.926,0.724,0.177,0.19,0.021
a8c67863-9d66-44dd-8d27-f58654ecde03,Gemma 3n E2B Instruct,Open,32000,gemma-3n-e2b,faddc6d9-2c14-445f-9b28-56726f59c793,Google,google,0,0,0,0,0,42.606,0.314,0.314,,0.09,,7.4,8,39.1,0.229,0.04,,,0.095,0.691,0.378,0.052,,
27202e5f-c82d-4710-92e9-4317877d4883,Gemini 2.5 Pro,Proprietary,1000000,gemini-2-5-pro,faddc6d9-2c14-445f-9b28-56726f59c793,Google,google,1.25,10,3.438,0.00125,0.01,155.16,28.147,28.147,,0.887,0.877,61.5,59.6,92.7,0.844,0.211,0.487,0.66,0.801,0.967,0.862,0.428,0.541,0.248
6afbfb62-27e4-435e-9c85-d9fe1b92519e,Gemini 2.5 Flash,Proprietary,1000000,gemini-2-5-flash,faddc6d9-2c14-445f-9b28-56726f59c793,Google,google,0.3,2.5,0.85,0.0003,0.0025,228.544,0.323,0.323,,0.5,0.603,39.3,40.4,71.6,0.683,0.051,0.39,0.459,0.495,0.932,0.809,0.291,0.149,0.113
219ed587-60c5-4a48-9517-8480e08d0ca1,Gemini 2.5 Flash (Reasoning),Proprietary,1000000,gemini-2-5-flash-reasoning,faddc6d9-2c14-445f-9b28-56726f59c793,Google,google,0.3,2.5,0.85,0.0003,0.0025,263.004,11.191,11.191,,0.823,0.733,54.4,51.2,90.2,0.79,0.111,0.503,0.617,0.695,0.981,0.832,0.394,0.316,0.128
d1720545-d0a8-4c15-a53e-ef5ca99ac7ea,Gemma 3 1B Instruct,Open,32000,gemma-3-1b,faddc6d9-2c14-445f-9b28-56726f59c793,Google,google,0,0,0,0,0,0,0,0,,0,0.033,1.2,6.1,24.2,0.237,0.052,0.199,0,0.017,0.484,0.135,0.007,,
a797eaf3-6d75-4f29-86a8-e1243ce52d43,Gemma 3n E4B Instruct,Open,32000,gemma-3n-e4b,faddc6d9-2c14-445f-9b28-56726f59c793,Google,google,0.02,0.04,0.025,2e-05,4e-05,73.455,0.35,0.35,,0.137,0.143,11.3,15.6,45.4,0.296,0.044,0.279,0,0.146,0.771,0.488,0.081,,
222fb320-6e55-4672-846a-b6d5a24a45f4,Gemma 3 4B Instruct,Open,128000,gemma-3-4b,faddc6d9-2c14-445f-9b28-56726f59c793,Google,google,0.02,0.04,0.025,2e-05,4e-05,0,0,0,,0.063,0.127,9.3,14.8,41.5,0.291,0.052,0.283,0.057,0.112,0.766,0.417,0.073,0.05,
2e6400f5-85ca-4ebc-ba8f-c2811a631138,Gemma 3 12B Instruct,Open,128000,gemma-3-12b,faddc6d9-2c14-445f-9b28-56726f59c793,Google,google,0.2,0.33,0.233,0.0002,0.00033,0,0,0,,0.22,0.183,15.5,20.9,53.7,0.349,0.048,0.367,0.067,0.137,0.853,0.595,0.174,,
ccbfa8c3-a762-480b-aade-34fb9697f98c,Claude 4.1 Opus (Extended Thinking),Proprietary,200000,claude-4-1-opus-thinking,f0aa413f-e8ae-4fcd-9c48-0e049f4f3128,Anthropic,anthropic,15,75,30,0.015,0.075,45.502,1.604,45.558,,,0.803,53.1,59.3,,0.809,0.119,0.554,0.663,0.654,,0.88,0.409,0.714,0.321
d034dafe-463d-4c50-956f-84fca657b26f,Claude 4 Sonnet,Proprietary,1000000,claude-4-sonnet,f0aa413f-e8ae-4fcd-9c48-0e049f4f3128,Anthropic,anthropic,3,15,6,0.003,0.015,60.493,1.567,1.567,,0.407,0.38,41.1,44.4,67,0.683,0.04,0.454,0.443,0.449,0.934,0.837,0.373,0.523,0.255
a7564055-f8ba-4c4b-9e2d-060f61263645,Claude 4 Sonnet (Extended Thinking),Proprietary,1000000,claude-4-sonnet-thinking,f0aa413f-e8ae-4fcd-9c48-0e049f4f3128,Anthropic,anthropic,3,15,6,0.003,0.015,45.224,1.452,45.676,,0.773,0.743,52.8,56.5,88.2,0.777,0.096,0.547,0.647,0.655,0.991,0.842,0.4,0.646,0.298
f2f60e3a-e5f5-4471-acd2-9f2f29c76007,Claude 4.1 Opus,Proprietary,200000,claude-4-1-opus,f0aa413f-e8ae-4fcd-9c48-0e049f4f3128,Anthropic,anthropic,15,75,30,0.015,0.075,44.155,1.538,1.538,,,,,44.6,,,,,,,,,,,
504412c2-2ada-499b-aebf-7e0a35c9d286,Claude 4 Opus,Proprietary,200000,claude-4-opus,f0aa413f-e8ae-4fcd-9c48-0e049f4f3128,Anthropic,anthropic,15,75,30,0.015,0.075,48.335,1.904,1.904,,0.563,0.363,47.5,42.3,75.2,0.701,0.059,0.433,0.36,0.542,0.941,0.86,0.409,,
8a4a5ead-7789-4389-8400-30e9d20370b7,Claude 4 Opus (Extended Thinking),Proprietary,200000,claude-4-opus-thinking,f0aa413f-e8ae-4fcd-9c48-0e049f4f3128,Anthropic,anthropic,15,75,30,0.015,0.075,51.388,1.501,40.421,,0.757,0.733,51.7,54.2,86.9,0.796,0.117,0.537,0.337,0.636,0.982,0.873,0.398,0.705,0.291
27272c33-a688-4c3a-bf46-b0a1f51651d8,Ministral 8B,Open,128000,ministral-8b,b5c0639a-cc9c-443b-a07e-bae6b7088933,Mistral,mistral,0.1,0.1,0.1,0.0001,0.0001,165.089,0.298,0.298,,0.037,,11.3,7.9,30.4,0.276,0.049,,,0.112,0.571,0.389,0.115,,
459543f9-d14e-43c8-8a23-3fbfbb5f69ee,Ministral 3B,Proprietary,128000,ministral-3b,b5c0639a-cc9c-443b-a07e-bae6b7088933,Mistral,mistral,0.04,0.04,0.04,4e-05,4e-05,257.929,0.283,0.283,,0,,8.1,5.2,26.8,0.26,0.055,,,0.069,0.537,0.339,0.094,,
0fec07d5-a9b2-407a-b5f8-5bf10bd86b59,Magistral Small,Open,40000,magistral-small,b5c0639a-cc9c-443b-a07e-bae6b7088933,Mistral,mistral,0.5,1.5,0.75,0.0005,0.0015,179.624,0.318,11.452,,0.713,0.413,37.8,31.9,83.8,0.641,0.072,0.248,0,0.514,0.963,0.746,0.241,0.266,0.043
9eae4ec4-61b8-48bc-9843-3edd506ae933,Devstral Small (Jul '25),Open,256000,devstral-small,b5c0639a-cc9c-443b-a07e-bae6b7088933,Mistral,mistral,0.1,0.3,0.15,0.0001,0.0003,146.428,0.317,0.317,,0.003,,24.9,17.6,31.9,0.414,0.037,,,0.254,0.635,0.622,0.243,0.284,0.057
43da3718-3d6e-40dd-901a-05664179ff7f,Mistral Small 3.2,Open,128000,mistral-small-3-2,b5c0639a-cc9c-443b-a07e-bae6b7088933,Mistral,mistral,0.1,0.3,0.15,0.0001,0.0003,147.223,0.303,0.303,,0.323,0.27,26.9,29.1,60.3,0.505,0.043,0.335,0.173,0.275,0.883,0.681,0.264,0.295,0.064
fd83b089-139a-4445-8989-583993889b64,Codestral (Jan '25),Proprietary,256000,codestral,b5c0639a-cc9c-443b-a07e-bae6b7088933,Mistral,mistral,0.3,0.9,0.45,0.0003,0.0009,148.054,0.294,0.294,,0.043,,24.5,13.2,32.5,0.312,0.045,,,0.243,0.607,0.446,0.247,,
05a32e26-e609-4377-951b-8fa23d329926,Mistral Medium 3.1,Proprietary,128000,mistral-medium-3-1,b5c0639a-cc9c-443b-a07e-bae6b7088933,Mistral,mistral,0.4,2,0.8,0.0004,0.002,92.569,0.406,0.406,,,0.383,37.2,35.4,,0.588,0.044,0.398,0.197,0.406,,0.683,0.338,0.406,0.099
aba82268-2bb7-4a0f-80be-9b7722e2145b,Devstral Medium,Proprietary,256000,devstral-medium,b5c0639a-cc9c-443b-a07e-bae6b7088933,Mistral,mistral,0.4,2,0.8,0.0004,0.002,96.242,0.376,0.376,,0.067,0.047,31.5,27.9,38.7,0.492,0.038,0.299,0.287,0.337,0.707,0.708,0.294,0.199,0.085
59e22326-1bca-4432-a5fa-147fbe8854e7,Mistral Medium 3,Proprietary,128000,mistral-medium-3,b5c0639a-cc9c-443b-a07e-bae6b7088933,Mistral,mistral,0.4,2,0.8,0.0004,0.002,77.23,0.439,0.439,,0.44,0.303,36.5,34.7,67.3,0.578,0.043,0.393,0.28,0.4,0.907,0.76,0.331,,0.071
660965b2-66d2-49ee-a6b9-79a6ac47d3c0,Magistral Medium,Proprietary,40000,magistral-medium,b5c0639a-cc9c-443b-a07e-bae6b7088933,Mistral,mistral,2,5,2.75,0.002,0.005,143.553,0.378,14.31,,0.7,0.403,41.2,33.8,80.9,0.679,0.095,0.251,0,0.527,0.917,0.753,0.297,,
a83f84b3-473a-4276-9ae1-8909da723159,DeepSeek R1 0528 (May '25),Open,128000,deepseek-r1,58b835bf-4c87-4f87-a846-df4b692c6e7d,DeepSeek,deepseek,0.55,2.19,0.96,0.00055,0.00219,19.497,2.983,105.563,,0.893,0.76,58.7,52,93.8,0.813,0.149,0.396,0.547,0.77,0.983,0.849,0.403,0.365,0.149
198b717f-42c8-4ab7-a699-ae9373d669d3,DeepSeek V3.1 (Reasoning),Open,128000,deepseek-v3-1-reasoning,58b835bf-4c87-4f87-a846-df4b692c6e7d,DeepSeek,deepseek,0.55,2.19,0.96,0.00055,0.00219,19.437,2.915,105.809,,,0.897,58.8,54,,0.779,0.13,0.415,0.533,0.784,,0.851,0.391,0.374,0.241
fb65266f-5a7d-403c-85d5-ccdf0d1ca838,DeepSeek V3.1 (Non-reasoning),Open,128000,deepseek-v3-1,58b835bf-4c87-4f87-a846-df4b692c6e7d,DeepSeek,deepseek,0.27,1.1,0.477,0.00027,0.0011,18.806,2.817,2.817,,,0.497,47.2,44.8,,0.735,0.063,0.378,0.45,0.577,,0.833,0.367,0.348,0.227
6000145b-0e3d-4fef-a55f-bcaac84803b2,DeepSeek R1 0528 Qwen3 8B,Open,33000,deepseek-r1-qwen3-8b,58b835bf-4c87-4f87-a846-df4b692c6e7d,DeepSeek,deepseek,0.055,0.095,0.065,5.5e-05,9.5e-05,71.746,0.728,28.604,,0.65,0.637,35.9,34.8,79.1,0.612,0.056,0.199,0.13,0.513,0.932,0.739,0.204,,0.028
98e3230e-cee1-4c19-b9f8-b6b6a826ca93,R1 1776,Open,128000,r1-1776,941fc0f0-1d4e-405a-95b2-2d49494e0e6c,Perplexity,perplexity,2,8,3.5,0.002,0.008,0,0,0,,,,,19.1,,,,,,,0.954,,,,
2443ac9e-a3db-423d-accb-8963f6fb0a53,Grok 3,Proprietary,1000000,grok-3,a1e3ddcf-d3e4-44a5-9e8f-029a69850875,xAI,xai,3,15,6,0.003,0.015,61.38,0.622,0.622,,0.33,,39.7,36,60,0.693,0.051,,,0.425,0.87,0.799,0.368,,
2b884d9e-3898-49f7-8942-1def4d1a89d3,Grok 3 mini Reasoning (Low),Proprietary,1000000,grok-3-mini-reasoning-low,a1e3ddcf-d3e4-44a5-9e8f-029a69850875,xAI,xai,0.3,0.5,0.35,0.0003,0.0005,58.902,0.588,34.542,,,,,,,,,,,,,,,,
a06bd3fc-86db-4a8e-ae6d-7459444d08c9,Grok Code Fast 1,Proprietary,256000,grok-code-fast-1,a1e3ddcf-d3e4-44a5-9e8f-029a69850875,xAI,xai,0.2,1.5,0.525,0.0002,0.0015,246.983,5.503,5.503,,,0.433,51,48.6,,0.727,0.075,0.414,0.483,0.657,,0.793,0.362,0.757,0.163
ff9bc5e5-a02f-4270-983e-4b3f834f3363,Grok 3 mini Reasoning (high),Proprietary,1000000,grok-3-mini-reasoning,a1e3ddcf-d3e4-44a5-9e8f-029a69850875,xAI,xai,0.3,0.5,0.35,0.0003,0.0005,150.22,0.567,13.881,,0.933,0.847,55.1,57.1,96.3,0.791,0.111,0.459,0.503,0.696,0.992,0.828,0.406,0.904,0.163
ec3b22e6-48ac-416a-b4ae-55565a4f3046,Grok 3 Reasoning Beta,Proprietary,1000000,grok-3-reasoning,a1e3ddcf-d3e4-44a5-9e8f-029a69850875,xAI,xai,0,0,0,0,0,0,0,0,,,,,41.4,,,,,,,,,,,
5ea94a4a-55ac-4ea1-8898-2b3971e94af6,Grok 4,Proprietary,256000,grok-4,a1e3ddcf-d3e4-44a5-9e8f-029a69850875,xAI,xai,3,15,6,0.003,0.015,43.195,11.949,11.949,,0.943,0.927,63.8,65.3,96.7,0.877,0.239,0.537,0.68,0.819,0.99,0.866,0.457,0.749,0.376
e58bbffd-fdc2-412a-b6d7-ca0e3f5d611a,Nova Premier,Proprietary,1000000,nova-premier,bb5a4e55-7969-4ab4-8702-3b9fd6547dc2,Amazon,aws,2.5,12.5,5,0.0025,0.0125,75.748,0.875,0.875,,0.17,0.173,29.8,31.1,50.5,0.569,0.047,0.362,0.3,0.317,0.839,0.733,0.279,,
ee708f92-374e-4123-b900-e22d7b2afc19,Phi-4,Open,16000,phi-4,ef5ce458-9986-4652-915a-e31fac5506b0,Microsoft Azure,azure,0.125,0.5,0.219,0.000125,0.0005,35.266,0.451,0.451,,0.143,0.18,24.6,24.6,47.7,0.575,0.041,0.235,0,0.231,0.81,0.714,0.26,,
2cd04201-2b6e-47ef-853e-7601f705f2a8,Phi-4 Multimodal Instruct,Open,128000,phi-4-multimodal,ef5ce458-9986-4652-915a-e31fac5506b0,Microsoft Azure,azure,0,0,0,0,0,18.242,0.342,0.342,,0.093,,12.1,12.4,39.3,0.315,0.044,,,0.131,0.693,0.485,0.11,,
0faadeeb-320c-45cf-9c76-5f8768f342e6,LFM2 1.2B,Open,33000,lfm2-1-2b,5b1886c4-43ba-4007-b840-9d21a2b7d42c,Liquid AI,liquidai,0,0,0,0,0,0,0,0,,,0.033,2.3,8,,0.228,0.057,0.22,0,0.02,,0.257,0.025,,
eb689f7a-f210-4a87-b407-f249897f2764,Solar Pro 2 (Reasoning),Proprietary,66000,solar-pro-2-reasoning,64ff7f06-c6fb-42ea-ba24-9cd103ab2d61,Upstage,upstage,0.5,0.5,0.5,0.0005,0.0005,106.542,1.362,20.134,,0.69,0.613,45.9,37.7,82.8,0.687,0.07,0.371,0,0.616,0.967,0.805,0.302,0.281,0.028
44db6283-aa82-4799-af4a-679fe0530845,Solar Pro 2,Proprietary,66000,solar-pro-2,64ff7f06-c6fb-42ea-ba24-9cd103ab2d61,Upstage,upstage,0.5,0.5,0.5,0.0005,0.0005,108.203,1.397,1.397,,0.407,0.3,33.6,30.2,64.8,0.561,0.038,0.337,0,0.424,0.889,0.75,0.248,0.319,0.043
643791e1-941a-4bc4-b556-07349a7c4a70,MiniMax-Text-01,Open,4000000,minimax-text-01,a31a9071-6144-4dbb-92dc-2e02d653ecea,MiniMax,minimax,0.2,1.1,0.425,0.0002,0.0011,0,0,0,,0.13,,24.8,25.7,44.2,0.578,0.042,,,0.247,0.753,0.759,0.25,,
385376b1-9815-47dd-83cc-85aac34f247d,MiniMax M1 40k,Open,1000000,minimax-m1-40k,a31a9071-6144-4dbb-92dc-2e02d653ecea,MiniMax,minimax,0.4,2.1,0.825,0.0004,0.0021,0,0,0,,0.813,0.137,51.8,41.6,89.3,0.682,0.075,0.412,0.517,0.657,0.972,0.808,0.378,,
9ca246a7-cf13-42c9-9182-5b5ad6b79026,MiniMax M1 80k,Open,1000000,minimax-m1-80k,a31a9071-6144-4dbb-92dc-2e02d653ecea,MiniMax,minimax,0.4,2.1,0.825,0.0004,0.0021,0,0,0,,0.847,0.61,54.3,46.2,91.3,0.697,0.082,0.418,0.543,0.711,0.98,0.816,0.374,0.342,0.028
7393c56a-ec31-48e9-b804-c04f2d2cb641,Llama 3.1 Nemotron Instruct 70B,Open,128000,llama-3-1-nemotron-instruct-70b,0c303112-430d-4367-a484-51defaa2e166,NVIDIA,nvidia,0.12,0.3,0.165,0.00012,0.0003,33.293,0.594,0.594,,0.247,0.11,20.1,22.9,49,0.465,0.046,0.307,0.07,0.169,0.733,0.69,0.233,0.231,
1a8ba535-df18-459b-ad40-3199191296d7,Llama 3.3 Nemotron Super 49B v1 (Reasoning),Open,128000,llama-3-3-nemotron-super-49b-reasoning,0c303112-430d-4367-a484-51defaa2e166,NVIDIA,nvidia,0,0,0,0,0,0,0,0,,0.583,0.547,28,35.5,77.1,0.643,0.065,0.381,0.17,0.277,0.959,0.785,0.282,,
b1fa84f8-1ed3-4124-b403-4655dafa4267,Llama 3.1 Nemotron Nano 4B v1.1 (Reasoning),Open,128000,llama-3-1-nemotron-nano-4b-reasoning,0c303112-430d-4367-a484-51defaa2e166,NVIDIA,nvidia,0,0,0,0,0,0,0,0,,0.707,0.5,29.7,26.1,82.7,0.408,0.051,0.255,0,0.493,0.947,0.556,0.101,0.117,
2e8694f9-7782-47a6-a6ba-fdce89d939c8,NVIDIA Nemotron Nano 9B V2,Open,131000,nvidia-nemotron-nano-9b-v2,0c303112-430d-4367-a484-51defaa2e166,NVIDIA,nvidia,0,0,0,0,0,0,0,0,,,0.623,45.5,38.1,,0.557,0.04,0.271,0.227,0.701,,0.739,0.209,,0.007
e1cfa926-9e2b-4a0d-8c31-48366a5041c5,Llama Nemotron Super 49B v1.5 (Reasoning),Open,128000,llama-nemotron-super-49b-v1-5-reasoning,0c303112-430d-4367-a484-51defaa2e166,NVIDIA,nvidia,0,0,0,0,0,0,0,0,,0.86,0.767,54.2,45.2,92.2,0.748,0.068,0.37,0.34,0.737,0.983,0.814,0.348,0.281,0.05
cf095603-72b6-47f8-8ee1-09a42890f92a,Llama 3.1 Nemotron Ultra 253B v1 (Reasoning),Open,128000,llama-3-1-nemotron-ultra-253b-v1-reasoning,0c303112-430d-4367-a484-51defaa2e166,NVIDIA,nvidia,0.6,1.8,0.9,0.0006,0.0018,37.272,0.702,54.362,,0.747,0.637,49.4,38.5,84.9,0.728,0.081,0.382,0.073,0.641,0.952,0.825,0.347,0.114,0.021
c4c3b42f-e0f0-48ca-b6f9-b296e7697806,Llama 3.3 Nemotron Super 49B v1,Open,128000,llama-3-3-nemotron-super-49b,0c303112-430d-4367-a484-51defaa2e166,NVIDIA,nvidia,0,0,0,0,0,0,0,0,,0.193,0.077,25.5,25.9,48.4,0.517,0.035,0.395,0.113,0.28,0.775,0.698,0.229,,
26c0b5df-efa7-470f-a65e-2d883329e493,Llama Nemotron Super 49B v1.5,Open,128000,llama-nemotron-super-49b-v1-5,0c303112-430d-4367-a484-51defaa2e166,NVIDIA,nvidia,0,0,0,0,0,0,0,0,,0.137,0.08,26.4,26.6,45.3,0.481,0.043,0.329,0.22,0.29,0.77,0.692,0.238,0.251,0.035
f1d52583-9d20-4099-99ac-b5df9430c3b6,NVIDIA Nemotron Nano 9B V2 (Reasoning),Open,131000,nvidia-nemotron-nano-9b-v2-reasoning,0c303112-430d-4367-a484-51defaa2e166,NVIDIA,nvidia,0,0,0,0,0,0,0,0,,,0.697,47.2,36.9,,0.57,0.046,0.276,0.183,0.724,,0.742,0.22,0.219,0.014
66445f84-b2e3-4202-afdc-92ba0f0e5f36,Kimi K2 0905,Open,256000,kimi-k2-0905,0a177021-87dd-4250-9a37-f01df196bfe0,Moonshot AI,moonshotai,1,2.75,1.35,0.001,0.00275,77.057,0.497,0.497,,,0.573,,50.4,,0.767,0.063,0.417,0.523,0.61,,0.819,0.307,0.734,0.227
441734a9-8901-4850-9bae-b474c370291f,Kimi K2,Open,128000,kimi-k2,0a177021-87dd-4250-9a37-f01df196bfe0,Moonshot AI,moonshotai,0.6,2.5,1.075,0.0006,0.0025,53.161,0.53,0.53,,0.693,0.57,36.5,48.1,83.2,0.766,0.07,0.415,0.51,0.556,0.971,0.824,0.345,0.611,0.149
2cff73da-4855-403c-afc9-5540feadcc15,Granite 3.3 Instruct 8B,Open,128000,granite-3-3-8b-instruct,512ef1e4-e02e-4532-a5f2-d11a40962498,IBM,ibm,0.03,0.25,0.085,2.9999999999999997e-05,0.00025,712.391,3.74,3.74,,0.047,0.067,11.4,15.2,35.6,0.338,0.042,0.224,0.043,0.127,0.665,0.468,0.101,0.105,0
dbbcf240-a69e-4078-8f16-7c94c7a8c514,Reka Flash 3,Open,128000,reka-flash-3,4571a280-f096-486f-b220-dffc3e522b0f,Reka AI,reka-ai,0.2,0.8,0.35,0.0002,0.0008,49.527,1.336,41.718,,0.51,,35.1,32.5,70.1,0.529,0.051,,,0.435,0.893,0.669,0.267,,
a8efb564-9d17-4d7f-8f43-e9110657ce21,DeepHermes 3 - Mistral 24B Preview,Open,32000,deephermes-3-mistral-24b-preview,0a2f41cc-2cbc-4949-be54-9fef1319d4a9,Nous Research,nous-research,0,0,0,0,0,0,0,0,,0.047,,21.1,15.5,32.1,0.382,0.039,,,0.195,0.595,0.58,0.228,,
d3968fd3-97d8-4693-8d26-19cefc6f5d5f,Hermes 4 - Llama-3.1 405B,Open,128000,hermes-4-llama-3-1-405b,0a2f41cc-2cbc-4949-be54-9fef1319d4a9,Nous Research,nous-research,1,3,1.5,0.001,0.003,32.062,0.709,0.709,,,0.153,44.6,32.6,,0.536,0.042,0.348,0.2,0.546,,0.729,0.346,0.266,0.092
82b207dd-d285-4a52-b2fc-2cbd27543899,Hermes 4 - Llama-3.1 405B (Reasoning),Open,128000,hermes-4-llama-3-1-405b-reasoning,0a2f41cc-2cbc-4949-be54-9fef1319d4a9,Nous Research,nous-research,1,3,1.5,0.001,0.003,33.975,0.744,59.611,,,0.697,46.9,41.6,,0.727,0.103,0.327,0.207,0.686,,0.829,0.252,0.222,0.106
b7726745-9c77-40c3-8452-974cb53d6fbc,DeepHermes 3 - Llama-3.1 8B Preview,Open,128000,deephermes-3-llama-3-1-8b-preview,0a2f41cc-2cbc-4949-be54-9fef1319d4a9,Nous Research,nous-research,0,0,0,0,0,0,0,0,,0,,8.8,1.8,10.9,0.27,0.043,,,0.085,0.218,0.365,0.091,,
235060f4-057d-4bd1-8b8e-4a92908c770e,Hermes 4 - Llama-3.1 70B,Open,128000,hermes-4-llama-3-1-70b,0a2f41cc-2cbc-4949-be54-9fef1319d4a9,Nous Research,nous-research,0.13,0.4,0.198,0.00013,0.0004,75.675,0.592,0.592,,,0.113,27.3,23.8,,0.491,0.036,0.29,0.02,0.269,,0.664,0.277,0.216,0
6ba9e8eb-8124-436d-842f-dbe36df80c27,Hermes 4 - Llama-3.1 70B (Reasoning),Open,128000,hermes-4-llama-3-1-70b-reasoning,0a2f41cc-2cbc-4949-be54-9fef1319d4a9,Nous Research,nous-research,0.13,0.4,0.198,0.00013,0.0004,82.124,0.583,24.937,,,0.687,49.7,39.2,,0.699,0.079,0.313,0.067,0.653,,0.811,0.341,0.225,0.043
8273650d-40e5-45ee-aeda-df71de784164,Exaone 4.0 1.2B,Open,64000,exaone-4-0-1-2b,45157c16-fcbb-4110-b20f-7bca754b6554,LG AI Research,lg,0,0,0,0,0,0,0,0,,,0.24,18.4,20.5,,0.424,0.058,0.253,0,0.293,,0.5,0.074,0.205,0
44b19b51-5367-4ef9-a2ff-2f90b89a0867,EXAONE 4.0 32B (Reasoning),Open,131000,exaone-4-0-32b-reasoning,45157c16-fcbb-4110-b20f-7bca754b6554,LG AI Research,lg,0.6,1,0.7,0.0006,0.001,60.461,0.32,33.399,,0.843,0.8,54.5,42.6,91,0.739,0.105,0.363,0.14,0.747,0.977,0.818,0.344,0.173,0.035
d734e2ce-5cf8-467f-8148-586d02671333,Exaone 4.0 1.2B (Reasoning),Open,64000,exaone-4-0-1-2b-reasoning,45157c16-fcbb-4110-b20f-7bca754b6554,LG AI Research,lg,0,0,0,0,0,0,0,0,,,0.503,30.4,26.7,,0.515,0.058,0.23,0,0.516,,0.588,0.093,0.164,0
2f60d80d-c3d3-4a43-bded-0557898c4618,EXAONE 4.0 32B,Open,131000,exaone-4-0-32b,45157c16-fcbb-4110-b20f-7bca754b6554,LG AI Research,lg,0.6,1,0.7,0.0006,0.001,68.701,0.33,0.33,,0.47,0.393,36.2,33.4,70.5,0.628,0.049,0.335,0.08,0.472,0.939,0.768,0.252,,
1cf439b8-0cfd-47b2-9de2-9a2157e6762b,GLM-4.5,Open,128000,glm-4.5,67437eb6-7dc1-4e93-befd-22c8b8ec2065,Z AI,zai,0.59,2.19,0.968,0.00059,0.00219,50.867,0.689,40.007,,0.873,0.737,54.3,49.4,92.6,0.782,0.122,0.441,0.483,0.738,0.979,0.835,0.348,0.246,0.213
5d303dc9-c027-401f-9803-4e9aa3331007,GLM-4.5-Air,Open,128000,glm-4-5-air,67437eb6-7dc1-4e93-befd-22c8b8ec2065,Z AI,zai,0.2,1.1,0.425,0.0002,0.0011,161.49,0.698,13.083,,0.673,0.807,49.5,48.8,81.9,0.733,0.068,0.376,0.437,0.684,0.965,0.815,0.306,0.465,0.191
0081ab31-d10a-44a0-a10d-eee5533fec65,GLM-4.5V,Open,64000,glm-4-5v,67437eb6-7dc1-4e93-befd-22c8b8ec2065,Z AI,zai,0.6,1.8,0.9,0.0006,0.0018,88.514,0.7,0.7,,,0.153,27,25.8,,0.573,0.036,0.286,0,0.352,,0.751,0.188,,
3068def4-7270-4c06-a320-6f6a5623d564,GLM-4.5V (Reasoning),Open,64000,glm-4-5v-reasoning,67437eb6-7dc1-4e93-befd-22c8b8ec2065,Z AI,zai,0.6,1.8,0.9,0.0006,0.0018,92.62,0.858,22.452,,,0.73,41.3,38.8,,0.684,0.059,0.342,0,0.604,,0.788,0.221,,
0f3ef2df-fb25-4ffd-8b78-f0432b633833,Aya Expanse 32B,Open,128000,aya-expanse-32b,671d3708-c407-4b8f-b350-f728e4689d26,Cohere,cohere,0.5,1.5,0.75,0.0005,0.0015,70.509,0.123,0.123,,0,,14.3,5.6,22.4,0.23,0.045,,,0.137,0.449,0.377,0.149,,
c44b9736-5853-4257-8190-b4f2a8601367,Aya Expanse 8B,Open,8000,aya-expanse-8b,671d3708-c407-4b8f-b350-f728e4689d26,Cohere,cohere,0.5,1.5,0.75,0.0005,0.0015,81.602,0.19,0.19,,0,,7.4,1.6,16,0.247,0.051,,,0.07,0.321,0.312,0.078,,
3bc32f13-5afa-4e28-bce1-10e57376686b,Command A,Open,256000,command-a,671d3708-c407-4b8f-b350-f728e4689d26,Cohere,cohere,2.5,10,4.375,0.0025,0.01,94.084,0.176,0.176,,0.097,0.13,28.4,28.1,45.8,0.527,0.046,0.365,0.18,0.287,0.819,0.712,0.281,,
b4f14013-37dd-4c75-bd8a-378365d9ed77,Jamba 1.7 Mini,Open,258000,jamba-1-7-mini,6216c686-bc60-4dbb-9f25-83e9dba803d1,AI21 Labs,ai21-labs,0.2,0.4,0.25,0.0002,0.0004,140.086,0.632,0.632,,0.013,,7.7,3.5,13.6,0.322,0.045,,,0.061,0.258,0.388,0.093,,
78452c64-7303-4192-bca5-2d9ec5c623d4,Jamba 1.7 Large,Open,256000,jamba-1-7-large,6216c686-bc60-4dbb-9f25-83e9dba803d1,AI21 Labs,ai21-labs,2,8,3.5,0.002,0.008,45.38,0.77,0.77,,0.057,0.023,18.4,20.9,32.8,0.39,0.038,0.352,0.173,0.181,0.6,0.577,0.188,,
5b2beb12-81a9-47a1-8a2a-d0a727185b50,Qwen3 Max (Preview),Proprietary,262000,qwen3-max-preview,d874d370-74d3-4fa0-ba00-5272f92f946b,Alibaba,alibaba,1.2,6,2.4,0.0012,0.006,49.812,1.139,1.139,,,0.75,,48.5,,0.764,0.093,0.48,0.397,0.651,,0.838,0.37,0.327,0.184
093883ed-f5fc-443b-8e18-afbfb166699e,Qwen3 Coder 480B A35B,Open,262000,qwen3-coder-480b-a35b-instruct,d874d370-74d3-4fa0-ba00-5272f92f946b,Alibaba,alibaba,1.5,7.5,3,0.0015,0.0075,48.486,1.424,1.424,,0.477,0.393,47.2,42.3,70.9,0.618,0.044,0.405,0.423,0.585,0.942,0.788,0.359,0.436,0.177
ceb4d610-d0a4-48c1-bea0-80ed76f1e5ca,QwQ 32B,Open,131000,qwq-32b,d874d370-74d3-4fa0-ba00-5272f92f946b,Alibaba,alibaba,0.5,1,0.745,0.0005,0.001,46.985,0.594,53.611,,0.78,0.29,49.4,37.9,86.9,0.593,0.082,0.388,0.25,0.631,0.957,0.764,0.358,,
5e0164b3-d902-4bcb-a1b2-83b4f4cd6143,Qwen3 30B A3B 2507 (Reasoning),Open,262000,qwen3-30b-a3b-2507-reasoning,d874d370-74d3-4fa0-ba00-5272f92f946b,Alibaba,alibaba,0.2,2.4,0.75,0.0002,0.0024,100.277,0.98,20.925,,0.907,0.563,52,46.4,94.1,0.707,0.098,0.507,0.59,0.707,0.976,0.805,0.333,0.281,0.05
f6ccbe1d-bd7e-484b-9795-18cc9f91552d,Qwen3 235B A22B 2507 (Reasoning),Open,256000,qwen3-235b-a22b-instruct-2507-reasoning,d874d370-74d3-4fa0-ba00-5272f92f946b,Alibaba,alibaba,0.7,8.4,2.625,0.0007,0.0084,50.641,1.084,40.577,,0.94,0.91,60.6,57.5,96.2,0.79,0.15,0.512,0.67,0.788,0.984,0.843,0.424,0.532,0.128
da9fe224-8af3-46d7-a8c4-6220779c3f35,Qwen3 Coder 30B A3B,Open,262000,qwen3-coder-30b-a3b-instruct,d874d370-74d3-4fa0-ba00-5272f92f946b,Alibaba,alibaba,0.45,2.25,0.9,0.00045,0.00225,92.141,1.466,1.466,,0.297,0.29,34,33.4,59.5,0.516,0.04,0.327,0.29,0.403,0.893,0.706,0.278,0.345,0.142
2aacdc07-5f4e-4ab9-8ea5-5f7ab93f9eeb,Qwen3 4B 2507 (Reasoning),Open,262000,qwen3-4b-2507-instruct-reasoning,d874d370-74d3-4fa0-ba00-5272f92f946b,Alibaba,alibaba,0,0,0,0,0,0,0,0,,,0.827,44.9,43.4,,0.667,0.059,0.498,0.377,0.641,,0.743,0.256,0.254,0.014
3373245b-e6dc-4b66-a7b0-3f06f9b7bd46,Qwen3 235B A22B 2507 (Non-reasoning),Open,256000,qwen3-235b-a22b-instruct-2507,d874d370-74d3-4fa0-ba00-5272f92f946b,Alibaba,alibaba,0.7,2.8,1.225,0.0007,0.0028,36.166,1.17,1.17,,0.717,0.717,44.2,45.3,84.8,0.753,0.106,0.461,0.312,0.524,0.98,0.828,0.36,0.333,0.142
7ec1065a-c90e-41e4-bd17-abb7042eed76,Qwen3 30B A3B 2507 (Non-reasoning),Open,262000,qwen3-30b-a3b-2507,d874d370-74d3-4fa0-ba00-5272f92f946b,Alibaba,alibaba,0.2,0.8,0.35,0.0002,0.0008,85.494,1.108,1.108,,0.727,0.663,41,37,85.1,0.659,0.068,0.331,0.227,0.515,0.975,0.777,0.304,0.102,0.057
5ad2f60f-ee05-49fd-85a0-cef69aa7cb7b,o1,Proprietary,200000,o1,e67e56e3-15cd-43db-b679-da4660a69f41,OpenAI,openai,15,60,26.25,0.015,0.06,211.299,12.39,12.39,,0.723,,51.9,47.2,84.7,0.747,0.077,,,0.679,0.97,0.841,0.358,,
078f4dc8-5350-40a2-a5ea-e8359f795b70,o1-preview,Proprietary,128000,o1-preview,e67e56e3-15cd-43db-b679-da4660a69f41,OpenAI,openai,16.5,66,28.875,0.0165,0.066,0,0,0,,,,,44.9,,,,,,,0.924,,,,
b515503d-4d65-4a3f-8a4a-6c731e2b079f,o1-mini,Proprietary,128000,o1-mini,e67e56e3-15cd-43db-b679-da4660a69f41,OpenAI,openai,1.1,4.4,1.925,0.0011,0.0044,214.19,8.303,8.303,,0.603,,44.9,39.2,77.4,0.603,0.049,,,0.576,0.944,0.742,0.323,,
8c1be908-67b6-4cf4-ba08-83ddbe44fde3,GPT-4o (Aug '24),Proprietary,128000,gpt-4o-2024-08-06,e67e56e3-15cd-43db-b679-da4660a69f41,OpenAI,openai,2.5,10,4.375,0.0025,0.01,113.021,0.489,0.489,,0.117,,,26,45.6,0.521,0.029,,,0.317,0.795,,,,
e98e911e-9fb2-4a9a-826e-3d681d0cdca8,GPT-4o (May '24),Proprietary,128000,gpt-4o-2024-05-13,e67e56e3-15cd-43db-b679-da4660a69f41,OpenAI,openai,5,15,7.5,0.005,0.015,111.573,0.553,0.553,,0.11,,32.2,26.3,45.1,0.526,0.028,,,0.334,0.791,0.74,0.309,,
76aa6af5-fdc6-4739-a300-983f14e74a67,GPT-4 Turbo,Proprietary,128000,gpt-4-turbo,e67e56e3-15cd-43db-b679-da4660a69f41,OpenAI,openai,10,30,15,0.01,0.03,42.831,1.039,1.039,,0.15,,30.5,24.2,44.3,,0.033,,,0.291,0.737,0.694,0.319,,
c1045dc0-4fd3-4adb-9548-18763e0d051f,GPT-4o (Nov '24),Proprietary,128000,gpt-4o,e67e56e3-15cd-43db-b679-da4660a69f41,OpenAI,openai,2.5,10,4.375,0.0025,0.01,162.503,0.411,0.411,,0.15,0.06,32.1,27,45.5,0.543,0.033,0.343,0,0.309,0.759,0.748,0.333,0.251,0.078
037dec2f-51e8-4127-a1f1-85155dae7a1d,GPT-3.5 Turbo,Proprietary,4000,gpt-35-turbo,e67e56e3-15cd-43db-b679-da4660a69f41,OpenAI,openai,0.5,1.5,0.75,0.0005,0.0015,108.376,0.407,0.407,,,,,8.3,,0.297,,,,,0.441,0.462,,,
575498d6-60ec-466b-9372-fea19911fd07,GPT-4o (March 2025,Proprietary,128k,gpt-4o-chatgpt-03-25,e67e56e3-15cd-43db-b679-da4660a69f41,OpenAI,openai,5,15,7.5,0.005,0.015,164.936,0.477,0.477,,0.327,0.257,39.6,35.6,61,0.655,0.05,,,0.425,0.893,0.803,0.366,,
e2e9ddc3-8c2d-4bf5-a60a-83a1afe61034,GPT-4o Realtime (Dec '24),Proprietary,128000,gpt-4o-realtime-dec-2024,e67e56e3-15cd-43db-b679-da4660a69f41,OpenAI,openai,0,0,0,0,0,0,0,0,,,,,,,,,,,,,,,,
5ce30d25-5353-45bb-bef9-6b87480ba3a2,GPT-4.5 (Preview),Proprietary,128000,gpt-4-5,e67e56e3-15cd-43db-b679-da4660a69f41,OpenAI,openai,0,0,0,0,0,0,0,0,,,,,38.4,,,,,,,,,,,
4343afb1-c928-44c9-92e2-68fa1195b6f5,GPT-4o mini Realtime (Dec '24),Proprietary,128000,gpt-4o-mini-realtime-dec-2024,e67e56e3-15cd-43db-b679-da4660a69f41,OpenAI,openai,0,0,0,0,0,0,0,0,,,,,,,,,,,,,,,,
e8d4100e-165b-4c5d-ac11-ac553590a334,o1-pro,Proprietary,200000,o1-pro,e67e56e3-15cd-43db-b679-da4660a69f41,OpenAI,openai,150,600,262.5,0.15,0.6,0,0,0,,,,,48,,,,,,,,,,,
fe11ab6c-a4dd-4c28-9fef-07da76d5ed14,Llama 65B,Open,2000,llama-65b,e1694725-0192-4e54-b1b8-c97e816c6cbe,Meta,meta,0,0,0,0,0,0,0,0,,,,,1,,,,,,,,,,,
6a7c0e25-1dcb-4b15-8495-a8536a9da051,GPT-4,Proprietary,8000,gpt-4,e67e56e3-15cd-43db-b679-da4660a69f41,OpenAI,openai,30,60,37.5,0.03,0.06,39.447,0.745,0.745,,,,,21.5,,,,,,,,,,,
466aecdb-3d96-4191-bc52-b3366db38851,Llama 3.1 Instruct 70B,Open,128000,llama-3-1-instruct-70b,e1694725-0192-4e54-b1b8-c97e816c6cbe,Meta,meta,0.76,0.76,0.76,0.00076,0.00076,57.867,0.397,0.397,,0.173,0.04,25,22.7,41.1,0.409,0.046,0.344,0.063,0.232,0.649,0.676,0.267,0.152,
739684ba-0f63-4e2a-b4ee-30741c9e9320,Llama 3.1 Instruct 8B,Open,128000,llama-3-1-instruct-8b,e1694725-0192-4e54-b1b8-c97e816c6cbe,Meta,meta,0.1,0.1,0.1,0.0001,0.0001,176.386,0.32,0.32,,0.077,0.043,12.4,16.9,29.8,0.259,0.051,0.286,0.157,0.116,0.519,0.476,0.132,0.164,0.007
71e8d48c-1920-4f27-8ea9-1f10becc615a,Llama 3.2 Instruct 3B,Open,128000,llama-3-2-instruct-3b,e1694725-0192-4e54-b1b8-c97e816c6cbe,Meta,meta,0.045,0.055,0.048,4.4999999999999996e-05,5.5e-05,125.858,0.469,0.469,,0.067,0.033,6.7,11.2,27.8,0.255,0.052,0.262,0.02,0.083,0.489,0.347,0.052,0.211,
aa83359a-d804-4f0b-b5bf-dc637711c26f,Llama 3 Instruct 70B,Open,8000,llama-3-instruct-70b,e1694725-0192-4e54-b1b8-c97e816c6cbe,Meta,meta,0.725,0.84,0.84,0.000725,0.00084,39.876,0.392,0.392,,0,,19.3,13,24.1,0.379,0.044,,,0.198,0.483,0.574,0.189,,
82879bb8-89fb-4adc-b519-315b8ef30b77,Llama 3 Instruct 8B,Open,8000,llama-3-instruct-8b,e1694725-0192-4e54-b1b8-c97e816c6cbe,Meta,meta,0.05,0.08,0.07,5e-05,8e-05,74.474,0.367,0.367,,0,,10.8,7,25,0.296,0.051,,,0.096,0.499,0.405,0.119,,
c43aa1f9-31bd-4a99-be70-84c5e6bd2e75,Qwen Chat 14B,Open,8000,qwen-chat-14b,d874d370-74d3-4fa0-ba00-5272f92f946b,Alibaba,alibaba,0,0,0,0,0,0,0,0,,,,,1,,,,,,,,,,,
80f7860a-7665-4658-9f05-15bccf5f832f,Llama 3.2 Instruct 1B,Open,128000,llama-3-2-instruct-1b,e1694725-0192-4e54-b1b8-c97e816c6cbe,Meta,meta,0.053,0.055,0.053,5.3e-05,5.5e-05,114.702,0.318,0.318,,0,0,1.8,7.1,7,0.196,0.053,0.228,0.05,0.019,0.14,0.2,0.017,,
599da8e0-bd9c-4b38-a127-b50e371fbcf8,Llama 2 Chat 70B,Open,4000,llama-2-chat-70b,e1694725-0192-4e54-b1b8-c97e816c6cbe,Meta,meta,0,0,0,0,0,0,0,0,,0,,,5.6,16.1,0.327,0.05,,,0.098,0.323,0.406,,,
ffd65ef7-fbdb-4145-98ae-b5d01cda770b,Llama 2 Chat 7B,Open,4000,llama-2-chat-7b,e1694725-0192-4e54-b1b8-c97e816c6cbe,Meta,meta,0.05,0.25,0.1,5e-05,0.00025,121.117,0.477,0.477,,0,,0.1,11.3,2.9,0.227,0.058,,,0.002,0.059,0.164,0,,
6b08a75a-19ee-40b4-be33-133b8ef42f92,Llama 2 Chat 13B,Open,4000,llama-2-chat-13b,e1694725-0192-4e54-b1b8-c97e816c6cbe,Meta,meta,0,0,0,0,0,0,0,0,,0.017,,10.8,5.5,17.3,0.321,0.047,,,0.098,0.329,0.406,0.118,,
c6a47d8a-7517-46e2-8383-329fe7241725,Gemini 2.0 Pro Experimental (Feb '25),Proprietary,2000000,gemini-2-0-pro-experimental-02-05,faddc6d9-2c14-445f-9b28-56726f59c793,Google,google,0,0,0,0,0,44.621,14.613,14.613,,0.36,,33,34.6,64.1,0.622,0.068,,,0.347,0.923,0.805,0.312,,
fddb72bd-60d3-41af-acc5-3df9a290eb8e,Gemini 2.0 Flash (experimental),Proprietary,1000000,gemini-2-0-flash-experimental,faddc6d9-2c14-445f-9b28-56726f59c793,Google,google,0,0,0,0,0,197.667,0.261,0.261,,0.3,,27.5,31.8,60.5,0.636,0.047,,,0.21,0.911,0.782,0.34,,
2ac96b67-f4f8-4c8c-ac08-c7510faa7bb9,Gemini 1.5 Pro (Sep '24),Proprietary,2000000,gemini-1-5-pro,faddc6d9-2c14-445f-9b28-56726f59c793,Google,google,0,0,0,0,0,0,0,0,,0.23,,30.6,30,55.3,0.589,0.049,,,0.316,0.876,0.75,0.295,,
3de55b83-e02b-412e-8211-315bbebe3e94,Gemini 2.0 Flash-Lite (Preview),Proprietary,1000000,gemini-2-0-flash-lite-preview,faddc6d9-2c14-445f-9b28-56726f59c793,Google,google,0.075,0.3,0.131,7.5e-05,0.0003,180.239,0.245,0.245,,0.303,,21.3,26.3,58.8,0.542,0.044,,,0.179,0.873,,0.247,,
bcca0e70-7e80-4c07-b1fa-b33bcfb19e51,Gemini 2.0 Flash (Feb '25),Proprietary,1000000,gemini-2-0-flash,faddc6d9-2c14-445f-9b28-56726f59c793,Google,google,0.1,0.4,0.175,0.0001,0.0004,200.205,0.377,0.377,,0.33,0.217,33.4,34,63,0.623,0.053,0.402,0.283,0.334,0.93,0.779,0.333,,
41faf421-118b-465b-b170-d200776580d1,Gemini 1.5 Flash (Sep '24),Proprietary,1000000,gemini-1-5-flash,faddc6d9-2c14-445f-9b28-56726f59c793,Google,google,0,0,0,0,0,0,0,0,,0.18,,27,24.4,50.4,0.463,0.035,,,0.273,0.827,0.68,0.267,,
8b6574d7-03ce-4847-882c-064467349a45,Gemma 2 27B,Open,8000,gemma-2-27b,faddc6d9-2c14-445f-9b28-56726f59c793,Google,google,0,0,0,0,0,0,0,0,,0.297,,20.2,17.2,41.9,0.357,0.037,,,0.279,0.541,0.575,0.125,,
53082390-b2ac-408e-aa69-cc885b3984b4,Gemma 2 9B,Open,8000,gemma-2-9b,faddc6d9-2c14-445f-9b28-56726f59c793,Google,google,0.2,0.2,0.2,0.0002,0.0002,0,0,0,,0,,6.6,7.8,25.9,0.311,0.039,,,0.126,0.517,0.495,0.007,,
94229066-9381-4ee1-bf70-a16d63756a6e,Gemini 1.5 Flash-8B,Proprietary,1000000,gemini-1-5-flash-8b,faddc6d9-2c14-445f-9b28-56726f59c793,Google,google,0,0,0,0,0,0,0,0,,0.033,,22.3,16.3,36.1,0.359,0.045,,,0.217,0.689,0.569,0.229,,
dfeeb904-e784-4d5c-ad66-9400146b150b,Gemini 2.0 Flash Thinking Experimental (Dec '24),Proprietary,2000000,gemini-2-0-flash-thinking-exp-1219,faddc6d9-2c14-445f-9b28-56726f59c793,Google,google,0,0,0,0,0,0,0,0,,,,,20.2,,,,,,,0.48,,,,
55a3ebf6-6117-4cc1-8596-c6de6e552fd4,Gemini 2.5 Flash Preview,Proprietary,1000000,gemini-2-5-flash-04-2025,faddc6d9-2c14-445f-9b28-56726f59c793,Google,google,0,0,0,0,0,0,0,0,,0.433,,31.9,34.1,68,0.594,0.05,,,0.406,0.926,0.783,0.233,,
16f2578b-1b28-4be3-b371-700c2677bcd6,Gemini 1.5 Pro (May '24),Proprietary,2000000,gemini-1-5-pro-may-2024,faddc6d9-2c14-445f-9b28-56726f59c793,Google,google,0,0,0,0,0,0,0,0,,0.08,,25.9,19.2,37.7,0.371,0.039,,,0.244,0.673,0.657,0.274,,
7b269763-ecc0-41ef-aa29-47ef632ac065,Gemini 2.0 Flash-Lite (Feb '25),Proprietary,1000000,gemini-2-0-flash-lite-001,faddc6d9-2c14-445f-9b28-56726f59c793,Google,google,0.075,0.3,0.131,7.5e-05,0.0003,180.776,0.252,0.252,,0.277,,21.8,26.8,57.5,0.535,0.036,,,0.185,0.873,0.724,0.25,,
8ddacd41-bf43-411b-aa30-43ebf0567dd8,Gemini 1.0 Pro,Proprietary,33000,gemini-1-0-pro,faddc6d9-2c14-445f-9b28-56726f59c793,Google,google,0.5,1.5,0.75,0.0005,0.0015,0,0,0,,0.007,,11.7,6.2,20.5,0.277,0.046,,,0.116,0.403,0.431,0.117,,
073b5329-c4b3-4f1f-8f97-4753aadf4398,Gemini 2.5 Pro Preview (May' 25),Proprietary,1000000,gemini-2-5-pro-05-06,faddc6d9-2c14-445f-9b28-56726f59c793,Google,google,1.25,10,3.438,0.00125,0.01,156.794,31.224,31.224,,0.843,,59.3,53.2,91.5,0.822,0.154,,,0.77,0.986,0.837,0.416,,
0399e614-5d46-484f-9183-e4f32d74e1c6,Gemini 2.0 Flash Thinking Experimental (Jan '25),Proprietary,1000000,gemini-2-0-flash-thinking-exp-0121,faddc6d9-2c14-445f-9b28-56726f59c793,Google,google,0,0,0,0,0,0,0,0,,0.5,,32.5,37.7,72.2,0.701,0.071,,,0.321,0.944,0.798,0.329,,
ac48c49d-9e77-4394-ac4e-d1ee51fd5fee,Gemini 1.5 Flash (May '24),Proprietary,1000000,gemini-1-5-flash-may-2024,faddc6d9-2c14-445f-9b28-56726f59c793,Google,google,0,0,0,0,0,0,0,0,,0.093,,18.8,14,32.4,0.324,0.042,,,0.196,0.554,0.574,0.181,,
2ae624ca-25b4-4cc8-8970-cdfdd3320691,Gemini 1.0 Ultra,Proprietary,33000,gemini-1-0-ultra,faddc6d9-2c14-445f-9b28-56726f59c793,Google,google,0,0,0,0,0,0,0,0,,,,,12.8,,,,,,,,,,,
bd2c3517-00d8-4ba5-a989-1f1e52f3ffab,Gemma 3n E4B Instruct Preview (May '25),Open,32000,gemma-3n-e4b-preview-0520,faddc6d9-2c14-445f-9b28-56726f59c793,Google,google,0,0,0,0,0,0,0,0,,0.107,,11.2,12.5,42.8,0.278,0.049,,,0.138,0.749,0.483,0.086,,
62de31e8-a1a3-429c-b634-a2afccfd9363,Gemini 2.5 Pro Preview (Mar' 25),Proprietary,1000000,gemini-2-5-pro-03-25,faddc6d9-2c14-445f-9b28-56726f59c793,Google,google,1.25,10,3.438,0.00125,0.01,157.681,29.446,29.446,,0.87,,58.6,54.1,92.5,0.836,0.171,,,0.778,0.98,0.858,0.395,,
68c89ebf-779c-4445-9241-de964cd17355,Gemini 2.5 Flash Preview (Reasoning),Proprietary,1000000,gemini-2-5-flash-reasoning-04-2025,faddc6d9-2c14-445f-9b28-56726f59c793,Google,google,0,0,0,0,0,0,0,0,,0.843,,43.2,45.8,91.2,0.698,0.116,,,0.505,0.981,0.8,0.359,,
0a603978-03b9-4f47-a273-2f7fd969be85,Claude 3.5 Sonnet (Oct '24),Proprietary,200000,claude-35-sonnet,f0aa413f-e8ae-4fcd-9c48-0e049f4f3128,Anthropic,anthropic,3,15,6,0.003,0.015,63.853,1.373,1.373,,0.157,,37.3,29.9,46.4,0.599,0.039,,,0.381,0.771,0.772,0.366,,
aca9c1ad-fc86-49f3-a312-b1e517ea100c,Claude 3.5 Sonnet (June '24),Proprietary,200000,claude-35-sonnet-june-24,f0aa413f-e8ae-4fcd-9c48-0e049f4f3128,Anthropic,anthropic,3,15,6,0.003,0.015,63.711,0.488,0.488,,0.097,,,25.4,39.6,0.56,0.037,,,,0.695,0.751,0.316,,
7829427f-f0e3-4f6d-a228-5fbf70dacc02,Claude 3 Opus,Proprietary,200000,claude-3-opus,f0aa413f-e8ae-4fcd-9c48-0e049f4f3128,Anthropic,anthropic,15,75,30,0.015,0.075,22.738,0.976,0.976,,0.033,,25.6,20.6,33.7,0.489,0.031,,,0.279,0.641,0.696,0.233,,
033e4aa9-a556-4224-87b0-341ed1070257,Claude 3.5 Haiku,Proprietary,200000,claude-3-5-haiku,f0aa413f-e8ae-4fcd-9c48-0e049f4f3128,Anthropic,anthropic,0.8,4,1.6,0.0008,0.004,55.81,0.57,0.57,,0.033,,29.4,20.2,37.7,0.408,0.035,,,0.314,0.721,0.634,0.274,,
b2e68f0a-8f66-4e4c-9821-2b786cea601b,Claude 3 Sonnet,Proprietary,200000,claude-3-sonnet,f0aa413f-e8ae-4fcd-9c48-0e049f4f3128,Anthropic,anthropic,3,15,6,0.003,0.015,0,0,0,,0.047,,20.2,13.3,23,0.4,0.038,,,0.175,0.414,0.579,0.229,,
1fc54cef-d179-48b1-a27d-046874e9b208,Claude 3 Haiku,Proprietary,200000,claude-3-haiku,f0aa413f-e8ae-4fcd-9c48-0e049f4f3128,Anthropic,anthropic,0.25,1.25,0.5,0.00025,0.00125,112.389,0.323,0.323,,0.01,,17,9.6,20.2,,,,,0.154,0.394,,0.186,,
83cb898e-05d9-4e4b-9de3-2d305014d923,Claude Instant,Proprietary,100000,claude-instant,f0aa413f-e8ae-4fcd-9c48-0e049f4f3128,Anthropic,anthropic,0.8,2.4,1.2,0.0008,0.0024,55.149,0.517,0.517,,0,,,1,13.2,0.33,0.038,,,0.109,0.264,0.434,,,
ddc748d0-6a9b-466b-8d6c-68417980d56d,Claude 2.0,Proprietary,100000,claude-2,f0aa413f-e8ae-4fcd-9c48-0e049f4f3128,Anthropic,anthropic,0,0,0,0,0,0,0,0,,0,,18.3,8.6,,0.344,,,,0.171,,0.486,0.194,,
13358187-4584-479c-ab43-5bcdf8f297a4,Claude 3.7 Sonnet (Extended Thinking),Proprietary,200000,claude-3-7-sonnet-thinking,f0aa413f-e8ae-4fcd-9c48-0e049f4f3128,Anthropic,anthropic,3,15,6,0.003,0.015,77.851,1.217,15.411,,0.487,,43.8,42.7,71.7,0.772,0.103,,,0.473,0.947,0.837,0.403,0.547,
9e141c0d-fc82-4e07-bb2e-fe0003bc030b,Claude 2.1,Proprietary,200000,claude-21,f0aa413f-e8ae-4fcd-9c48-0e049f4f3128,Anthropic,anthropic,8,24,12,0.008,0.024,0,0,0,,0.033,,18.9,9.7,20.4,0.319,0.042,,,0.195,0.374,0.495,0.184,,
d925845d-39ad-4de3-8495-f176b79828c0,Claude 3.7 Sonnet (Standard),Proprietary,200000,claude-3-7-sonnet,f0aa413f-e8ae-4fcd-9c48-0e049f4f3128,Anthropic,anthropic,3,15,6,0.003,0.015,66.551,1.318,1.318,,0.223,0.21,38.5,33.5,53.7,0.656,0.048,,,0.394,0.85,0.803,0.376,,
50f92d5f-f413-4c97-8dab-331101622a28,Mistral Large 2 (Nov '24),Open,128000,mistral-large-2,b5c0639a-cc9c-443b-a07e-bae6b7088933,Mistral,mistral,2,6,3,0.002,0.006,43.272,0.395,0.395,,0.11,0.14,29.2,25.5,42.3,0.486,0.04,0.312,0.053,0.293,0.736,0.697,0.292,0.307,
1b05e346-e86a-4a20-8feb-7da8c65a99aa,Mistral Large 2 (Jul '24),Open,128000,mistral-large-2407,b5c0639a-cc9c-443b-a07e-bae6b7088933,Mistral,mistral,2,6,3,0.002,0.006,45.205,0.624,0.624,,0.093,0,26.9,22.3,40.4,0.472,0.032,0.316,0,0.267,0.714,0.683,0.271,,
de0beaf0-c951-487a-8eb4-3dd12e74122c,Pixtral Large,Open,128000,pixtral-large-2411,b5c0639a-cc9c-443b-a07e-bae6b7088933,Mistral,mistral,2,6,3,0.002,0.006,41.743,0.416,0.416,,0.07,0.023,27.6,25,39.2,0.505,0.036,0.345,0.103,0.261,0.714,0.701,0.292,0.365,
e5dd499f-c330-45ec-9ff0-a99209c82af7,Mistral Small 3,Open,32000,mistral-small-3,b5c0639a-cc9c-443b-a07e-bae6b7088933,Mistral,mistral,0.1,0.3,0.15,0.0001,0.0003,150.944,0.293,0.293,,0.08,0.043,24.4,21.2,39.8,0.462,0.041,0.264,0,0.252,0.715,0.652,0.236,,
7c045ca0-b331-488d-af31-df0fd331dfd1,Mistral Small (Sep '24),Open,33000,mistral-small,b5c0639a-cc9c-443b-a07e-bae6b7088933,Mistral,mistral,0.2,0.6,0.3,0.0002,0.0006,84.912,0.312,0.312,,0.063,,14.8,13,31.3,0.381,0.043,,,0.141,0.563,0.529,0.156,,
ca6c1412-f3c1-4391-9231-f83a702aa7af,Mixtral 8x22B Instruct,Open,65000,mistral-8x22b-instruct,b5c0639a-cc9c-443b-a07e-bae6b7088933,Mistral,mistral,2,6,3,0.002,0.006,45.362,0.394,0.394,,0,,16.8,11.7,27.2,0.332,0.041,,,0.148,0.545,0.537,0.188,,
35d602fc-b8b8-4698-9f4d-f2ce11ca50e4,Mistral Small (Feb '24),Open,33000,mistral-small-2402,b5c0639a-cc9c-443b-a07e-bae6b7088933,Mistral,mistral,1,3,1.5,0.001,0.003,159.095,0.289,0.289,,0.007,,12.3,8.5,28.4,0.302,0.044,,,0.111,0.562,0.419,0.134,,
5e4e4590-a77e-4b66-95f8-f3960a1a7c68,Mistral Large (Feb '24),Proprietary,33000,mistral-large,b5c0639a-cc9c-443b-a07e-bae6b7088933,Mistral,mistral,4,12,6,0.004,0.012,91.522,10.62,10.62,,0,,19.3,11.9,26.3,0.351,0.034,,,0.178,0.527,0.515,0.208,,
3197f919-027c-4739-b8e1-c04e912c8a84,Pixtral 12B (2409),Open,128000,pixtral,b5c0639a-cc9c-443b-a07e-bae6b7088933,Mistral,mistral,0.15,0.15,0.15,0.00015,0.00015,106.625,0.313,0.313,,0,,12.5,8.9,22.9,0.343,0.053,,,0.115,0.458,0.473,0.135,,
265fff6b-44c0-4264-96b5-dca943ef0605,Mistral NeMo,Open,128000,mistral-nemo,b5c0639a-cc9c-443b-a07e-bae6b7088933,Mistral,mistral,0.15,0.15,0.15,0.00015,0.00015,114.105,0.332,0.332,,0.003,,8.1,5.2,19.9,0.314,0.044,,,0.057,0.395,0.399,0.104,,
3edcb2ed-6981-4f88-a556-563f7f8f00aa,Mixtral 8x7B Instruct,Open,33000,mixtral-8x7b-instruct,b5c0639a-cc9c-443b-a07e-bae6b7088933,Mistral,mistral,0.7,0.7,0.7,0.0007,0.0007,74.807,0.344,0.344,,0,,4.7,2.6,15,0.292,0.045,,,0.066,0.299,0.387,0.028,,
843c3155-6d57-48e1-80fd-d7481dedec29,Codestral-Mamba,Open,256000,codestral-mamba,b5c0639a-cc9c-443b-a07e-bae6b7088933,Mistral,mistral,0,0,0,0,0,0,0,0,,0,,12.1,1,12,0.21,0.054,,,0.133,0.24,0.209,0.108,,
217b34ec-5920-4fc1-8886-6a70a324837d,Mistral 7B Instruct,Open,8000,mistral-7b-instruct,b5c0639a-cc9c-443b-a07e-bae6b7088933,Mistral,mistral,0.25,0.25,0.25,0.00025,0.00025,96.494,0.303,0.303,,0,,3.5,1,6.1,0.177,0.043,,,0.046,0.121,0.245,0.024,,
24ac5b00-5f03-4c47-8e37-522d1195383e,Mistral Small 3.1,Open,128000,mistral-small-3-1,b5c0639a-cc9c-443b-a07e-bae6b7088933,Mistral,mistral,0.1,0.3,0.15,0.0001,0.0003,152.769,0.325,0.325,,0.093,0.037,23.8,23.1,40,0.454,0.048,0.299,0.137,0.212,0.707,0.659,0.265,,
1f05af98-1ec6-4506-a0b8-57a8c9b63878,Mistral Medium,Proprietary,33000,mistral-medium,b5c0639a-cc9c-443b-a07e-bae6b7088933,Mistral,mistral,2.75,8.1,4.088,0.00275,0.0081,93.007,0.416,0.416,,0.037,,10.9,8.4,22.1,0.349,0.034,,,0.099,0.405,0.491,0.118,,
55c73488-1da5-4be6-9dd4-9dd2a421d0d0,Codestral (May '24),Open,33000,codestral-2405,b5c0639a-cc9c-443b-a07e-bae6b7088933,Mistral,mistral,0.2,0.6,0.3,0.0002,0.0006,178.912,4.717,4.717,,0,,21.5,6,17.7,0.255,0.051,,,0.213,0.354,0.331,0.218,,
7a7b52f6-fdef-4dae-9203-58c710ccc81d,Mistral Saba,Proprietary,32000,mistral-saba,b5c0639a-cc9c-443b-a07e-bae6b7088933,Mistral,mistral,0.2,0.6,0.3,0.0002,0.0006,79.635,0.315,0.315,,0.13,,,19.6,40.3,0.424,0.041,,,,0.677,0.611,0.241,,
cc1fa238-1a76-486d-a997-22309275eadd,Devstral Small (May '25),Open,256000,devstral-small-2505,b5c0639a-cc9c-443b-a07e-bae6b7088933,Mistral,mistral,0.1,0.3,0.15,0.0001,0.0003,106.458,0.367,0.367,,0.067,,25.2,19.6,37.5,0.434,0.04,,,0.258,0.684,0.632,0.245,,
df95f83f-5ebb-466a-9d2d-b95efc8c012c,DeepSeek R1 Distill Qwen 32B,Open,128000,deepseek-r1-distill-qwen-32b,58b835bf-4c87-4f87-a846-df4b692c6e7d,DeepSeek,deepseek,0.188,0.225,0.197,0.000188,0.000225,35.568,0.704,56.935,,0.687,0.63,32.3,32.7,81.4,0.615,0.055,0.229,0,0.27,0.941,0.739,0.376,,
4a845d7b-a52d-43bb-80b7-b58c7a0c155e,DeepSeek R1 Distill Llama 70B,Open,128000,deepseek-r1-distill-llama-70b,58b835bf-4c87-4f87-a846-df4b692c6e7d,DeepSeek,deepseek,0.7,0.8,0.8,0.0007,0.0008,57.454,0.441,35.252,,0.67,0.537,28.9,30.8,80.2,0.402,0.061,0.276,0.11,0.266,0.935,0.795,0.312,0.219,
43fc5506-c5ed-4dee-9b85-962bf7ae3986,DeepSeek V3 (Dec '24),Open,128000,deepseek-v3,58b835bf-4c87-4f87-a846-df4b692c6e7d,DeepSeek,deepseek,0.27,1.1,0.477,0.00027,0.0011,0,0,0,,0.253,0.26,35.6,33.2,57,0.557,0.036,0.348,0.29,0.359,0.887,0.752,0.354,0.228,
b26ff709-1773-4595-ae44-78e0a5bac29c,DeepSeek R1 Distill Qwen 14B,Open,128000,deepseek-r1-distill-qwen-14b,58b835bf-4c87-4f87-a846-df4b692c6e7d,DeepSeek,deepseek,0.875,0.875,0.875,0.000875,0.000875,93.625,0.751,22.113,,0.667,0.557,30.7,29.7,80.8,0.484,0.044,0.221,0,0.376,0.949,0.74,0.239,,
bc4579d2-9c46-46c3-ace0-454039bf21bb,DeepSeek-V2.5 (Dec '24),Open,128000,deepseek-v2-5,58b835bf-4c87-4f87-a846-df4b692c6e7d,DeepSeek,deepseek,0.14,0.28,0.175,0.00014,0.00028,0,0,0,,,,,20.7,,,,,,,0.763,,,,
8f0a75d6-8d00-4c2e-bcd4-8e88a570a93c,DeepSeek-Coder-V2,Open,128000,deepseek-coder-v2,58b835bf-4c87-4f87-a846-df4b692c6e7d,DeepSeek,deepseek,0.14,0.28,0.175,0.00014,0.00028,0,0,0,,,,,14.5,,,,,,,0.743,,,,
0e49fe2d-dd3c-4ae5-b56f-a1c89e14b89e,DeepSeek R1 Distill Llama 8B,Open,128000,deepseek-r1-distill-llama-8b,58b835bf-4c87-4f87-a846-df4b692c6e7d,DeepSeek,deepseek,0.04,0.04,0.04,4e-05,4e-05,49.156,0.796,41.483,,0.333,0.413,17.6,19.5,59.3,0.302,0.042,0.176,0,0.233,0.853,0.543,0.119,,
7764d514-694f-444c-8d60-bdc6e24e223f,DeepSeek LLM 67B Chat (V1),Open,4000,deepseek-llm-67b-chat,58b835bf-4c87-4f87-a846-df4b692c6e7d,DeepSeek,deepseek,0,0,0,0,0,0,0,0,,,,,5.6,,,,,,,,,,,
444cdb1e-bab8-42cd-938c-b2d7a93e2da1,DeepSeek R1 Distill Qwen 1.5B,Open,128000,deepseek-r1-distill-qwen-1-5b,58b835bf-4c87-4f87-a846-df4b692c6e7d,DeepSeek,deepseek,0,0,0,0,0,0,0,0,,0.177,0.22,6.8,8.6,43.2,0.098,0.033,0.132,0.003,0.07,0.687,0.269,0.066,,
75e1c197-f239-4361-a9d6-66dccfead236,DeepSeek V3 0324,Open,128000,deepseek-v3-0324,58b835bf-4c87-4f87-a846-df4b692c6e7d,DeepSeek,deepseek,0.27,1.1,0.477,0.00027,0.0011,19.184,2.915,2.915,,0.52,0.41,38.1,41.3,73.1,0.655,0.052,0.41,0.41,0.405,0.942,0.819,0.358,0.471,0.142
0e34f05c-387e-4968-be15-ccec4a55d8c1,DeepSeek R1 (Jan '25),Open,128000,deepseek-r1-0120,58b835bf-4c87-4f87-a846-df4b692c6e7d,DeepSeek,deepseek,1.35,3,2,0.00135,0.003,0,0,0,,0.683,0.68,48.7,43.8,82.5,0.708,0.093,0.39,0.523,0.617,0.966,0.844,0.357,0.114,0.057
2d19c2d1-062d-436e-b2c2-3d3ecad34acc,DeepSeek-V2-Chat,Open,128000,deepseek-v2,58b835bf-4c87-4f87-a846-df4b692c6e7d,DeepSeek,deepseek,0.14,0.28,0.175,0.00014,0.00028,0,0,0,,,,,8.6,,,,,,,,,,,
8a24865b-90d9-4e2b-a2fd-6851c2e9d627,DeepSeek-V2.5,Open,128000,deepseek-v2-5-sep-2024,58b835bf-4c87-4f87-a846-df4b692c6e7d,DeepSeek,deepseek,0.14,0.28,0.175,0.00014,0.00028,0,0,0,,,,,20.2,,,,,,,,,,,
c7327e6e-b27f-4b1b-859d-159a34e0ba1c,DeepSeek Coder V2 Lite Instruct,Open,128000,deepseek-coder-v2-lite,58b835bf-4c87-4f87-a846-df4b692c6e7d,DeepSeek,deepseek,0,0,0,0,0,0,0,0,,,,14.8,6.1,,0.319,0.053,,,0.158,,0.429,0.139,,
3435db18-9227-45a5-8e79-9546b14b5aaa,Sonar Pro,Proprietary,200000,sonar-pro,941fc0f0-1d4e-405a-95b2-2d49494e0e6c,Perplexity,perplexity,3,15,6,0.003,0.015,72.89,2.139,2.139,,0.29,,25,28.2,51.7,0.578,0.079,,,0.275,0.745,0.755,0.226,,
1edc272c-d799-44d6-909a-bf3c1909a3a0,Sonar Reasoning Pro,Proprietary,127000,sonar-reasoning-pro,941fc0f0-1d4e-405a-95b2-2d49494e0e6c,Perplexity,perplexity,0,0,0,0,0,0,0,0,,0.79,,,46.3,87.4,,,,,,0.957,,,,
5ec4a0db-da66-4e46-9682-fceeed755ef8,Sonar,Proprietary,127000,sonar,941fc0f0-1d4e-405a-95b2-2d49494e0e6c,Perplexity,perplexity,1,1,1,0.001,0.001,68.614,1.973,1.973,,0.487,,26.2,28.8,65.2,0.471,0.073,,,0.295,0.817,0.689,0.229,,
04751bd4-0c5d-416b-a5f2-83727c5bfcda,Sonar Reasoning,Proprietary,127000,sonar-reasoning,941fc0f0-1d4e-405a-95b2-2d49494e0e6c,Perplexity,perplexity,1,5,2,0.001,0.005,66.368,2.903,33.038,,0.77,,,34.2,84.6,0.623,,,,,0.921,,,,
a04f5b78-f397-4fd8-a2b1-00dcab50324c,Grok Beta,Proprietary,128000,grok-beta,a1e3ddcf-d3e4-44a5-9e8f-029a69850875,xAI,xai,0,0,0,0,0,0,0,0,,0.103,,26.8,23,42,0.471,0.047,,,0.241,0.737,0.703,0.295,,
291a510a-dcc0-40df-8a80-b3aa31900a6c,Grok 2 (Dec '24),Open,131000,grok-2-1212,a1e3ddcf-d3e4-44a5-9e8f-029a69850875,xAI,xai,0,0,0,0,0,0,0,0,,0.133,,27.6,24.7,45.6,0.51,0.038,,,0.267,0.778,0.709,0.285,,
ec60e57e-76d3-42e3-a0e3-80662225a639,OpenChat 3.5 (1210),Open,8000,openchat-35,14b780e1-14fb-4aae-af03-ae2d99699bb1,OpenChat,openchat,0,0,0,0,0,0,0,0,,0,,,5.4,15.4,0.23,0.048,,,0.115,0.307,0.31,,,
546ec53f-273c-4af7-b13f-b88c41f45905,Nova Pro,Proprietary,300000,nova-pro,bb5a4e55-7969-4ab4-8702-3b9fd6547dc2,Amazon,aws,0.8,3.2,1.4,0.0008,0.0032,0,0,0,,0.107,0.07,22.1,25.5,44.6,0.499,0.034,0.381,0.19,0.233,0.786,0.691,0.208,,
5c3dd927-48a3-4f3c-8045-9b135f62dfbb,Nova Lite,Proprietary,300000,nova-lite,bb5a4e55-7969-4ab4-8702-3b9fd6547dc2,Amazon,aws,0.06,0.24,0.105,5.9999999999999995e-05,0.00024,253.785,0.373,0.373,,0.107,0.07,15.3,21.4,43.6,0.433,0.046,0.341,0.177,0.167,0.765,0.59,0.139,,
344c6718-c573-41d4-9556-10287a3fa1fc,Nova Micro,Proprietary,130000,nova-micro,bb5a4e55-7969-4ab4-8702-3b9fd6547dc2,Amazon,aws,0.035,0.14,0.061,3.5000000000000004e-05,0.00014,315.138,0.325,0.325,,0.08,0.06,11.7,17.3,39.2,0.358,0.047,0.294,0.097,0.14,0.703,0.531,0.094,,
865bca06-85ad-41e0-a657-7e64f2475bcf,Phi-3 Medium Instruct 14B,Open,128000,phi-3-medium,ef5ce458-9986-4652-915a-e31fac5506b0,Microsoft Azure,azure,0.17,0.68,0.297,0.00017,0.00068,41.131,0.405,0.405,,0.013,,13.4,10.1,23.8,0.326,0.045,,,0.15,0.463,0.543,0.118,,
ded8d96e-835f-4359-947a-a4c3bb78e983,Phi-3 Mini Instruct 3.8B,Open,4000,phi-3-mini,ef5ce458-9986-4652-915a-e31fac5506b0,Microsoft Azure,azure,0.13,0.52,0.228,0.00013,0.00052,70.037,0.364,0.364,,0.04,0.003,10.3,13.1,24.8,0.319,0.044,0.239,0.02,0.116,0.457,0.435,0.09,,
9f873c2f-2c2d-4ccb-9e1b-71bf61b052be,Phi-4 Mini Instruct,Open,128000,phi-4-mini,ef5ce458-9986-4652-915a-e31fac5506b0,Microsoft Azure,azure,0,0,0,0,0,43.682,0.351,0.351,,0.03,0.067,11.7,15.7,36.3,0.331,0.042,0.211,0.137,0.126,0.696,0.465,0.108,,
1299b9a8-af50-4742-a58b-24ff7eb48f9f,LFM 40B,Proprietary,32000,lfm-40b,5b1886c4-43ba-4007-b840-9d21a2b7d42c,Liquid AI,liquidai,0,0,0,0,0,0,0,0,,0.023,,8.3,7.3,25.2,0.327,0.049,,,0.096,0.48,0.425,0.071,,
d97713f2-afa6-4f8d-b2f3-ac89a24c4d6c,Solar Mini,Open,4000,solar-mini,64ff7f06-c6fb-42ea-ba24-9cd103ab2d61,Upstage,upstage,0.15,0.15,0.15,0.00015,0.00015,80.507,1.17,1.17,,,,,18.9,,,,,,,0.331,,,0.17,
432d6c36-8825-47f3-b4eb-58529cea346b,Solar Pro 2 (Preview),Proprietary,64000,solar-pro-2-preview,64ff7f06-c6fb-42ea-ba24-9cd103ab2d61,Upstage,upstage,0,0,0,0,0,0,0,0,,0.297,,32.9,30,58.4,0.544,0.038,,,0.385,0.871,0.725,0.272,,
8e78cf7a-5b76-4beb-beba-b99c6233b208,Solar Pro 2 (Preview) (Reasoning),Proprietary,64000,solar-pro-2-preview-reasoning,64ff7f06-c6fb-42ea-ba24-9cd103ab2d61,Upstage,upstage,0,0,0,0,0,0,0,0,,0.663,,31.3,36.1,78.2,0.578,0.057,,,0.462,0.9,0.768,0.164,,
1cb96708-f6c1-4668-9804-5db6ecac01ed,DBRX Instruct,Open,33000,dbrx,650e5ce8-a549-4207-bbd4-9c4815bc2d49,Databricks,databricks,0,0,0,0,0,0,0,0,,0.03,,10.6,5.3,15.5,0.331,0.066,,,0.093,0.279,0.397,0.118,,
f73f4711-9c61-40a7-a258-b71c14727f53,Llama 3.1 Tulu3 405B,Open,128000,tulu3-405b,ab6c5270-d7b9-4c09-92fe-62662618c631,Allen Institute for AI,ai2,0,0,0,0,0,0,0,0,,0.133,,29.6,25.4,45.6,0.516,0.035,,,0.291,0.778,0.716,0.302,,
a971b0c0-4c0f-484a-b018-e36b5be3409e,Reka Flash (Sep '24),Proprietary,128000,reka-flash,4571a280-f096-486f-b220-dffc3e522b0f,Reka AI,reka-ai,0.2,0.8,0.35,0.0002,0.0008,70.305,1.317,1.317,,,,,19.1,,,,,,,0.529,,,,
7858ff51-9d8b-418e-9921-0ec635f9c877,Reka Core,Proprietary,128000,reka-core,4571a280-f096-486f-b220-dffc3e522b0f,Reka AI,reka-ai,2,2,2,0.002,0.002,40.899,1.373,1.373,,,,,19.4,,,,,,,0.558,,,,
e235a9f9-29b3-4ce5-8c94-f45413b64ccd,Reka Flash (Feb '24),Proprietary,128000,reka-flash-02-2024,4571a280-f096-486f-b220-dffc3e522b0f,Reka AI,reka-ai,0.2,0.8,0.35,0.0002,0.0008,70.749,1.267,1.267,,,,,18.7,,,,,,,0.326,,,,
de39ac4f-856d-42c1-8a61-370435ad36ad,Reka Edge,Proprietary,128000,reka-edge,4571a280-f096-486f-b220-dffc3e522b0f,Reka AI,reka-ai,0.1,0.1,0.1,0.0001,0.0001,70.695,1.181,1.181,,,,,18.5,,,,,,,0.216,,,,
1dcea4f7-7e8b-49f8-abe2-5860ff9f349e,Hermes 3 - Llama-3.1 70B,Open,128000,hermes-3-llama-3-1-70b,0a2f41cc-2cbc-4949-be54-9fef1319d4a9,Nous Research,nous-research,0.1,0.28,0.145,0.0001,0.00028,22.69,0.656,0.656,,0.023,,21,14.7,28.1,0.401,0.041,,,0.188,0.538,0.571,0.231,,
387b1a3c-a197-4c55-86c0-438eff604e59,Command-R+ (Aug '24),Open,128000,command-r-plus,671d3708-c407-4b8f-b350-f728e4689d26,Cohere,cohere,2.5,10,4.375,0.0025,0.01,38.585,0.201,0.201,,0,,11.6,7.1,20.1,0.337,0.05,,,0.111,0.402,0.427,0.122,,
76361085-f5dc-49ec-b069-fe56ca885933,Command-R+ (Apr '24),Open,128000,command-r-plus-04-2024,671d3708-c407-4b8f-b350-f728e4689d26,Cohere,cohere,3,15,6,0.003,0.015,21.575,0.589,0.589,,0.007,,12,5.5,14.3,0.323,0.045,,,0.122,0.279,0.432,0.118,,
2868d59e-0da9-4083-b962-177093a755c3,Command-R (Aug '24),Open,128000,command-r,671d3708-c407-4b8f-b350-f728e4689d26,Cohere,cohere,0.15,0.6,0.263,0.00015,0.0006,90.341,0.106,0.106,,0.003,,6.6,1,7.6,0.289,0.051,,,0.044,0.149,0.337,0.087,,
abe9f0c7-f4f6-430d-ba42-f45afdd4841b,Command-R (Mar '24),Open,128000,command-r-03-2024,671d3708-c407-4b8f-b350-f728e4689d26,Cohere,cohere,0.5,1.5,0.75,0.0005,0.0015,81.072,0.27,0.27,,0.007,,5.5,1,8.5,0.284,0.048,,,0.048,0.164,0.338,0.062,,
540ebc58-a2d8-4dc9-ba6b-973efa52fab1,Jamba 1.5 Mini,Open,256000,jamba-1-5-mini,6216c686-bc60-4dbb-9f25-83e9dba803d1,AI21 Labs,ai21-labs,0.2,0.4,0.25,0.0002,0.0004,0,0,0,,0.01,,7.1,4,18.3,0.302,0.051,,,0.062,0.357,0.371,0.08,,
aec53acd-bf97-4f4f-93a6-1a94e05824ad,Jamba Instruct,Proprietary,256000,jamba-instruct,6216c686-bc60-4dbb-9f25-83e9dba803d1,AI21 Labs,ai21-labs,0,0,0,0,0,0,0,0,,,,6.4,11.8,,0.271,0.052,,,0.046,0.243,0.343,0.083,,
e8ffd75b-766f-4551-8c52-6e54706220eb,Jamba 1.6 Mini,Open,256000,jamba-1-6-mini,6216c686-bc60-4dbb-9f25-83e9dba803d1,AI21 Labs,ai21-labs,0.2,0.4,0.25,0.0002,0.0004,132.468,0.644,0.644,,0.033,,8.6,3.3,14.5,0.3,0.046,,,0.071,0.257,0.367,0.101,,
b4ddb4c8-1400-44ab-8c2b-e2472088e7ff,Jamba 1.5 Large,Open,256000,jamba-1-5-large,6216c686-bc60-4dbb-9f25-83e9dba803d1,AI21 Labs,ai21-labs,2,8,3.5,0.002,0.008,0,0,0,,0.047,,15.3,14.8,32.6,0.427,0.04,,,0.143,0.606,0.572,0.163,,
92b19c88-fa87-4595-957e-fe9aa5fa5ad4,Jamba 1.6 Large,Open,256000,jamba-1-6-large,6216c686-bc60-4dbb-9f25-83e9dba803d1,AI21 Labs,ai21-labs,2,8,3.5,0.002,0.008,42.112,0.81,0.81,,0.047,,17.8,14.3,31.3,0.387,0.04,,,0.172,0.58,0.565,0.184,,
b3735511-c6ff-4928-8d72-2181444a4eb3,Arctic Instruct,Open,4000,arctic-instruct,15568026-a4e1-4088-9709-566d3fb3aee1,Snowflake,snowflake,0,0,0,0,0,0,0,0,,,,,7.6,,,,,,,,,,,
b9dc72c6-7bea-4936-a55a-4b0c835fc755,Qwen2.5 Max,Proprietary,32000,qwen-2-5-max,d874d370-74d3-4fa0-ba00-5272f92f946b,Alibaba,alibaba,1.6,6.4,2.8,0.0016,0.0064,40.626,1.174,1.174,,0.233,,34.8,30.7,53.4,0.587,0.045,,,0.359,0.835,0.762,0.337,,
b4f7d7a4-869a-4ee7-b17a-4046cd1e79fd,Qwen2.5 Instruct 72B,Open,131000,qwen2-5-72b-instruct,d874d370-74d3-4fa0-ba00-5272f92f946b,Alibaba,alibaba,0,0,0,0,0,47.774,1.091,1.091,,0.16,0.14,27.2,27.9,50.9,0.491,0.042,0.369,0.203,0.276,0.858,0.72,0.267,0.345,
04586102-6a28-48f8-a82e-85775d7ed779,Qwen2.5 Coder Instruct 32B,Open,131000,qwen2-5-coder-32b-instruct,d874d370-74d3-4fa0-ba00-5272f92f946b,Alibaba,alibaba,0.2,0.2,0.2,0.0002,0.0002,47.977,0.53,0.53,,0.12,,28.3,21.8,44.3,0.417,0.038,,,0.295,0.767,0.635,0.271,,
352f834f-a03c-4117-8a29-c3ccd8a568ce,Qwen2.5 Turbo,Proprietary,1000000,qwen-turbo,d874d370-74d3-4fa0-ba00-5272f92f946b,Alibaba,alibaba,0.05,0.2,0.087,5e-05,0.0002,63.847,0.951,0.951,,0.12,,15.8,19.1,46.3,0.41,0.042,,,0.163,0.805,0.633,0.153,,
7656c62b-5345-435b-bf12-b6ce2ca0d58d,Qwen2 Instruct 72B,Open,131000,qwen2-72b-instruct,d874d370-74d3-4fa0-ba00-5272f92f946b,Alibaba,alibaba,0,0,0,0,0,0,0,0,,0.147,,19.4,18.1,42.4,0.371,0.037,,,0.159,0.701,0.622,0.229,,
4559e9f0-8aad-4681-89fb-68cb915e0f16,Qwen3 14B (Reasoning),Open,33000,qwen3-14b-instruct-reasoning,d874d370-74d3-4fa0-ba00-5272f92f946b,Alibaba,alibaba,0.35,4.2,1.313,0.00035,0.0042,47.799,0.989,42.831,,0.763,0.557,41.9,36,86.2,0.604,0.043,0.405,0,0.523,0.961,0.774,0.316,0.345,0.035
8823351e-8232-4c9c-8a1d-cd2c1d2c1196,QwQ 32B-Preview,Open,33000,QwQ-32B-Preview,d874d370-74d3-4fa0-ba00-5272f92f946b,Alibaba,alibaba,0.66,0.69,0.667,0.00066,0.00069,47.762,0.561,42.435,,0.453,,18.7,28,68.2,0.557,0.048,,,0.337,0.91,0.648,0.038,,
43573c57-2403-46fb-af4b-a93de9a0c3f5,Qwen3 235B A22B,Open,33000,qwen3-235b-a22b-instruct,d874d370-74d3-4fa0-ba00-5272f92f946b,Alibaba,alibaba,0.7,2.8,1.225,0.0007,0.0028,44.191,1.083,1.083,,0.327,0.237,32.1,29.9,61.4,0.613,0.047,0.366,0,0.343,0.902,0.762,0.299,0.272,0.057
f3169f25-8c6f-48e4-ae87-0cf872dc0ec1,Qwen3 30B A3B,Open,33000,qwen3-30b-a3b-instruct,d874d370-74d3-4fa0-ba00-5272f92f946b,Alibaba,alibaba,0.2,0.8,0.35,0.0002,0.0008,65.296,1.004,1.004,,0.26,0.217,29.3,26.5,56.1,0.515,0.046,0.319,0,0.322,0.863,0.71,0.264,,0.064
b00ecd62-a53f-4aed-b833-3e9d6b0170ba,Qwen3 32B (Reasoning),Open,33000,qwen3-32b-instruct-reasoning,d874d370-74d3-4fa0-ba00-5272f92f946b,Alibaba,alibaba,0.7,8.4,2.625,0.0007,0.0084,56.746,1.081,36.326,,0.807,0.73,45,38.7,88.4,0.668,0.083,0.363,0,0.546,0.961,0.798,0.354,0.298,0.028
bf60740e-6aa5-422f-ba49-ef6e9d171205,Qwen3 32B,Open,33000,qwen3-32b-instruct,d874d370-74d3-4fa0-ba00-5272f92f946b,Alibaba,alibaba,0.7,2.8,1.225,0.0007,0.0028,53.82,1.158,1.158,,0.303,0.197,28.4,26.4,58.6,0.535,0.043,0.315,0,0.288,0.869,0.727,0.28,,
5962d643-0a6f-4630-bb08-ab5720d80056,Qwen3 1.7B (Reasoning),Open,32000,qwen3-1.7b-instruct-reasoning,d874d370-74d3-4fa0-ba00-5272f92f946b,Alibaba,alibaba,0.11,1.26,0.398,0.00011,0.00126,123.709,0.906,17.073,,0.51,0.387,17.5,22.4,70.2,0.356,0.048,0.269,0,0.308,0.894,0.57,0.043,0.26,0
b2dd592a-fbc5-458a-b26d-f3964cbab82f,Qwen3 8B,Open,33000,qwen3-8b-instruct,d874d370-74d3-4fa0-ba00-5272f92f946b,Alibaba,alibaba,0.18,0.7,0.31,0.00018,0.0007,81.136,1.042,1.042,,0.243,0.243,18.5,22.9,53.6,0.452,0.028,0.286,0,0.202,0.828,0.643,0.168,0.249,0.021
3e6cf518-a1f4-42d3-8fcf-827c9bd8e6d5,Qwen3 30B A3B (Reasoning),Open,33000,qwen3-30b-a3b-instruct-reasoning,d874d370-74d3-4fa0-ba00-5272f92f946b,Alibaba,alibaba,0.2,2.4,0.75,0.0002,0.0024,66.906,1.024,30.916,,0.753,0.723,39.5,36.7,85.6,0.616,0.066,0.415,0,0.506,0.959,0.777,0.285,0.26,0.021
bbe6d782-e630-48d5-b11c-3ce37f373f1e,Qwen3 235B A22B (Reasoning),Open,33000,qwen3-235b-a22b-instruct-reasoning,d874d370-74d3-4fa0-ba00-5272f92f946b,Alibaba,alibaba,0.7,8.4,2.625,0.0007,0.0084,52.718,1.102,39.04,,0.84,0.82,51.1,41.7,88.5,0.7,0.117,0.387,0,0.622,0.93,0.828,0.399,0.24,0.057
191a2097-cce3-49cf-881e-0c790892059f,Qwen3 4B (Reasoning),Open,32000,qwen3-4b-instruct-reasoning,d874d370-74d3-4fa0-ba00-5272f92f946b,Alibaba,alibaba,0.11,1.26,0.398,0.00011,0.00126,92.307,1.035,22.702,,0.657,0.223,25,25.6,79.5,0.522,0.051,0.325,0,0.465,0.933,0.696,0.035,0.19,
2bb84433-f38e-4edc-9b65-4d7b1f473db9,Qwen3 1.7B,Open,32000,qwen3-1.7b-instruct,d874d370-74d3-4fa0-ba00-5272f92f946b,Alibaba,alibaba,0.11,0.42,0.188,0.00011,0.00042,118.673,0.885,0.885,,0.097,0.073,9.8,14.4,40.7,0.283,0.052,0.211,0,0.126,0.717,0.411,0.069,0.216,0
e46198a7-cd29-4afd-933d-cdf180f0f305,Qwen3 4B,Open,32000,qwen3-4b-instruct,d874d370-74d3-4fa0-ba00-5272f92f946b,Alibaba,alibaba,0.11,0.42,0.188,0.00011,0.00042,87.244,0.931,0.931,,0.213,,20,20.7,52.8,0.398,0.037,,,0.233,0.843,0.586,0.167,,
d1768b3a-0a21-4e08-b3f6-56a9ab6cfbf3,Qwen1.5 Chat 110B,Open,32000,qwen1.5-110b-chat,d874d370-74d3-4fa0-ba00-5272f92f946b,Alibaba,alibaba,0,0,0,0,0,0,0,0,,,,,10.5,,0.289,,,,,,,,,
41f73c27-880c-4f30-8b07-9999ce89a4ae,Qwen Chat 72B,Open,34000,qwen-chat-72b,d874d370-74d3-4fa0-ba00-5272f92f946b,Alibaba,alibaba,1,1,1,0.001,0.001,0,0,0,,,,,7.6,,,,,,,,,,,
1d0db5a3-3132-4213-a94b-c2e395d08283,Qwen2.5 Instruct 32B,Open,128000,qwen2.5-32b-instruct,d874d370-74d3-4fa0-ba00-5272f92f946b,Alibaba,alibaba,0.095,0.3,0.146,9.5e-05,0.0003,0,0,0,,0.11,,23.8,22.9,45.8,0.466,0.038,,,0.248,0.805,0.697,0.229,,
9dba61f5-78ee-4190-8d1d-8e7063ffd386,Qwen3 8B (Reasoning),Open,131000,qwen3-8b-instruct-reasoning,d874d370-74d3-4fa0-ba00-5272f92f946b,Alibaba,alibaba,0.18,2.1,0.66,0.00018,0.0021,88.761,0.917,23.45,,0.747,0.19,31.6,28.3,82.5,0.589,0.042,0.335,0,0.406,0.904,0.743,0.226,0.278,0.021
4ae6c88d-9e4a-4850-89fe-18a1c04a66cc,Qwen3 0.6B (Reasoning),Open,32000,qwen3-0.6b-instruct-reasoning,d874d370-74d3-4fa0-ba00-5272f92f946b,Alibaba,alibaba,0.11,1.26,0.398,0.00011,0.00126,206.577,0.968,10.649,,0.1,0.18,7.4,14.2,42.5,0.239,0.057,0.233,0,0.121,0.75,0.347,0.028,0.211,0
0e5f6140-1154-4583-a3e0-8c032a338892,Qwen3 0.6B,Open,32000,qwen3-0.6b-instruct,d874d370-74d3-4fa0-ba00-5272f92f946b,Alibaba,alibaba,0.11,0.42,0.188,0.00011,0.00042,193.377,0.848,0.848,,0.017,0.103,5.7,11,26.9,0.231,0.052,0.219,0,0.073,0.521,0.231,0.041,0.146,0
ecc6524a-d521-458a-8327-5009e8ce6549,Qwen3 14B,Open,33000,qwen3-14b-instruct,d874d370-74d3-4fa0-ba00-5272f92f946b,Alibaba,alibaba,0.35,1.4,0.613,0.00035,0.0014,46.083,1.05,1.05,,0.28,0.58,27.3,28.4,57.6,0.47,0.042,0.239,0,0.28,0.871,0.675,0.265,0.322,
e410e854-104d-4b35-a171-899ff9d974bb,Qwen2.5 Coder Instruct 7B,Open,131000,qwen2-5-coder-7b-instruct,d874d370-74d3-4fa0-ba00-5272f92f946b,Alibaba,alibaba,0,0,0,0,0,0,0,0,,0.053,,13.7,12.2,35.7,0.339,0.048,,,0.126,0.66,0.473,0.148,,
fb779453-2f07-4250-b46e-2223ddda0bd2,Yi-Large,Proprietary,32000,yi-large,647d7f2e-1c81-44bd-b176-2a04d232ad07,01.AI,01-ai,0,0,0,0,0,0,0,0,,0.067,,14.8,13.4,31.4,0.363,0.032,,,0.108,0.562,0.586,0.188,,
8b1a70d1-e05f-426b-9122-023d4629ab47,GPT-3.5 Turbo (0613),Proprietary,4000,gpt-3-5-turbo-0613,e67e56e3-15cd-43db-b679-da4660a69f41,OpenAI,openai,0,0,0,0,0,0,0,0,,,,,,,,,,,,,,,,
